CASE_ID,ACCIDENT_YEAR,PROC_DATE,JURIS,COLLISION_DATE,COLLISION_TIME,OFFICER_ID,REPORTING_DISTRICT,DAY_OF_WEEK,CHP_SHIFT,POPULATION,CNTY_CITY_LOC,SPECIAL_COND,BEAT_TYPE,CHP_BEAT_TYPE,CITY_DIVISION_LAPD,CHP_BEAT_CLASS,BEAT_NUMBER,PRIMARY_RD,SECONDARY_RD,DISTANCE,DIRECTION,INTERSECTION,WEATHER_1,WEATHER_2,STATE_HWY_IND,CALTRANS_COUNTY,CALTRANS_DISTRICT,STATE_ROUTE,ROUTE_SUFFIX,POSTMILE_PREFIX,POSTMILE,LOCATION_TYPE,RAMP_INTERSECTION,SIDE_OF_HWY,TOW_AWAY,COLLISION_SEVERITY,NUMBER_KILLED,NUMBER_INJURED,PARTY_COUNT,PRIMARY_COLL_FACTOR,PCF_CODE_OF_VIOL,PCF_VIOL_CATEGORY,PCF_VIOLATION,PCF_VIOL_SUBSECTION,HIT_AND_RUN,TYPE_OF_COLLISION,MVIW,PED_ACTION,ROAD_SURFACE,ROAD_COND_1,ROAD_COND_2,LIGHTING,CONTROL_DEVICE,CHP_ROAD_TYPE,PEDESTRIAN_ACCIDENT,BICYCLE_ACCIDENT,MOTORCYCLE_ACCIDENT,TRUCK_ACCIDENT,NOT_PRIVATE_PROPERTY,ALCOHOL_INVOLVED,STWD_VEHTYPE_AT_FAULT,CHP_VEHTYPE_AT_FAULT,COUNT_SEVERE_INJ,COUNT_VISIBLE_INJ,COUNT_COMPLAINT_PAIN,COUNT_PED_KILLED,COUNT_PED_INJURED,COUNT_BICYCLIST_KILLED,COUNT_BICYCLIST_INJURED,COUNT_MC_KILLED,COUNT_MC_INJURED,PRIMARY_RAMP,SECONDARY_RAMP,LATITUDE,LONGITUDE,COUNTY,CITY,POINT_X,POINT_Y
8833621,2019,4/15/2019,1942,3/22/2019,515,43176,815,5,5,7,1942,0,0,0,H,0,8A59,SEPULVEDA BL,MONTANA AV,0,,Y,A,-,N,,,,,,,,,,N,3,0,1,2,A,-,10,21950,A,N,G,B,B,A,H,-,C,A,0,Y,,,,Y,Y,D,22,0,1,0,0,1,0,0,0,0,- ,- ,,,LOS ANGELES,LOS ANGELES,-118.4612503,34.06727982
8872599,2019,6/10/2019,1900,4/17/2019,804,546182,1125,3,5,6,1992,0,0,0,,0,111T2,KETTERING ST,13TH ST W,8,E,N,A,-,N,,,,,,,,,,N,3,0,1,2,A,-,10,21950,A,N,G,B,B,A,H,-,A,A,0,Y,,,,Y,,A,1,0,1,0,0,1,0,0,0,0,- ,- ,,,LOS ANGELES,LANCASTER,-118.1535034,34.6987381
8873502,2019,6/6/2019,1942,4/11/2019,820,36057,1345,4,5,7,1942,0,0,0,M,0,13L90,HOOPER AV,34TH ST,0,,Y,A,-,N,,,,,,,,,,N,4,0,1,2,A,-,0,20015,,N,G,B,B,A,H,-,A,D,0,Y,,,,Y,,-,- ,0,0,1,0,1,0,0,0,0,- ,- ,,,LOS ANGELES,LOS ANGELES,-118.2521591,34.01287079
8886262,2019,7/23/2019,1925,6/19/2019,1405,19980,,3,5,6,1925,0,0,0,,0,2,DORAN ST,ORANGE ST,20,E,N,A,-,N,,,,,,,,,,N,3,0,1,2,A,-,3,22350,,M,G,B,F,A,H,-,A,D,0,Y,,,,Y,,A,7,0,1,0,0,1,0,0,0,0,- ,- ,,,LOS ANGELES,GLENDALE,-118.2564621,34.1546402
8890247,2019,7/9/2019,1942,5/12/2019,1700,42791,201,7,5,7,1942,0,0,0,B,0,2A2,VERMONT AV,NORMAL AV,0,,Y,A,-,N,,,,,,,,,,N,3,0,1,2,A,-,11,21456,B,N,G,B,B,A,H,-,A,A,0,Y,,,,Y,,N,60,0,1,0,0,1,0,0,0,0,- ,- ,,,LOS ANGELES,LOS ANGELES,-118.2917328,34.08665848
8810390,2019,3/6/2019,1942,2/13/2019,1935,30830,1088,3,5,7,1942,0,0,0,J,0,10A99,VENTURA BL,LIBBIT AV,215,E,N,B,C,N,,,,,,,,,,Y,2,0,1,2,A,-,11,21954,A,N,G,B,D,B,H,-,C,D,0,Y,,,,Y,,N,60,1,0,0,0,1,0,0,0,0,- ,- ,,,LOS ANGELES,LOS ANGELES,-118.4873199,34.15686798
8812353,2019,3/4/2019,1942,2/2/2019,1445,42470,836,6,5,7,1942,0,0,0,H,0,8EL2,LAURISTON AV,OLYMPIC BL,13,N,N,C,-,N,,,,,,,,,,N,3,0,1,2,A,-,10,21950,C,N,G,B,D,B,H,-,A,D,0,Y,,,,Y,,A,1,0,1,0,0,1,0,0,0,0,- ,- ,,,LOS ANGELES,LOS ANGELES,-118.4183578,34.05172348
8813678,2019,3/18/2019,1902,2/21/2019,1517,711,34,4,5,5,1902,0,0,0,,0,5,W NORMAN AV,HOLLY AV,818,E,N,B,-,N,,,,,,,,,,N,2,0,1,2,A,-,0,23105,A,N,G,B,E,A,H,-,A,D,0,Y,,,,Y,,A,1,1,0,0,0,1,0,0,0,0,- ,- ,,,LOS ANGELES,ARCADIA,-118.0430374,34.1205864
8816020,2019,3/20/2019,1942,2/3/2019,130,38838,299,7,5,7,1942,0,0,0,B,0,2A91,VENICE BL,TOBERMAN ST,0,,Y,C,-,N,,,,,,,,,,N,3,0,1,2,A,-,3,22350,,F,G,B,D,B,H,-,C,D,0,Y,,,,Y,,-,99,0,1,0,0,1,0,0,0,0,- ,- ,,,LOS ANGELES,LOS ANGELES,-118.2779083,34.04098129
8825801,2019,4/24/2019,1907,3/13/2019,730,235,1,3,5,4,1907,0,0,0,,0,,BELL AV,FLORA AV,8,E,N,A,-,N,,,,,,,,,,N,2,0,1,2,A,-,10,21950,A,M,G,B,B,A,H,-,A,A,0,Y,,,,Y,,A,1,1,0,0,0,1,0,0,0,0,- ,- ,33.97200012,-118.1901016,LOS ANGELES,BELL,-118.1909943,33.9747963
8826835,2019,3/27/2019,1942,3/16/2019,720,42460,933,6,5,7,1942,0,0,0,I,0,9A41,VAN NUYS BL,VICTORY BL,5,N,N,A,-,N,,,,,,,,,,N,4,0,2,3,A,-,10,21950,A,F,G,B,B,A,H,-,A,A,0,Y,,,,Y,,-,99,0,0,2,0,2,0,0,0,0,- ,- ,,,LOS ANGELES,LOS ANGELES,-118.4487381,34.18668365
8783901,2019,2/5/2019,1900,1/5/2019,2123,542244,2814,6,5,5,1915,0,0,0,,0,283T1,COMPTON BL,ARANBE AV,0,,Y,C,-,N,,,,,,,,,,N,3,0,1,2,A,-,3,22350,,F,G,B,C,B,H,-,B,A,0,Y,,,,Y,,N,60,0,1,0,0,1,0,0,0,0,- ,- ,,,LOS ANGELES,COMPTON,-118.2318497,33.89590836
8795639,2019,2/12/2019,1941,1/25/2019,1702,10850,,5,5,7,1941,0,0,0,,0,,SANTA FE AV,16TH ST,0,,Y,A,-,N,,,,,,,,,,N,2,0,1,2,A,-,11,21954,A,N,A,B,D,A,H,-,A,D,0,Y,,,,Y,,N,,1,0,0,0,1,0,0,0,0,- ,- ,,,LOS ANGELES,LONG BEACH,-118.215477,33.78733063
8797047,2019,2/19/2019,1942,1/23/2019,900,40157,2091,3,5,7,1942,0,0,0,,0,20A71,VAN NESS AV,WASHINGTON BL,30,N,N,A,-,N,,,,,,,,,,N,3,0,1,2,A,-,21,22106,,F,G,B,E,A,H,-,A,D,0,Y,,,,Y,,-,99,0,1,0,0,1,0,0,0,0,- ,- ,,,LOS ANGELES,LOS ANGELES,-118.3163681,34.03998184
8805167,2019,3/1/2019,1941,2/2/2019,1144,11239,,6,5,7,1941,0,0,0,,0,,2ND ST,ORANGE AV,12,E,N,C,-,N,,,,,,,,,,N,4,0,1,2,C,-,18,,,N,G,B,B,B,F,-,A,A,0,Y,,,,Y,,-,- ,0,0,1,0,1,0,0,0,0,- ,- ,,,LOS ANGELES,LONG BEACH,-118.1769409,33.76787567
8808182,2019,5/25/2021,1942,4/9/2019,550,37146,1824,2,5,7,1942,0,0,0,R,0,25TL43,CENTRAL AV,91ST ST,20,N,N,A,-,N,,,,,,,,,,N,1,1,0,2,A,-,10,21950,A,F,G,B,B,A,H,-,A,A,0,Y,,,,Y,Y,-,99,0,0,0,1,0,0,0,0,0,- ,- ,,,LOS ANGELES,LOS ANGELES,-118.2564392,33.95391464
8826600,2019,5/9/2019,1900,3/12/2019,1807,532124,521,2,5,4,1971,0,0,0,,0,52T1PM,RT 164,EMPEROR AV,17,N,N,A,-,N,,,,,,,,,,N,3,0,1,2,A,-,10,21950,A,N,G,B,B,A,H,-,A,A,0,Y,,,,Y,,A,1,0,1,0,0,1,0,0,0,0,- ,- ,34.1169014,-118.0731812,LOS ANGELES,TEMPLE CITY,-118.0731506,34.11694717
9056345,2019,3/17/2020,1942,12/18/2019,1750,36790,CENTR,3,5,7,1942,0,0,0,,0,154,SPRING ST,5TH ST,50,S,N,A,-,N,,,,,,,,,,N,4,0,1,2,A,-,3,22350,,F,B,B,-,A,H,-,C,D,0,Y,,,,Y,,-,99,0,0,1,0,1,0,0,0,0,- ,- ,,,LOS ANGELES,LOS ANGELES,-118.249733,34.04728317
81153593,2019,12/27/2019,1933,12/21/2019,1550,1048,17,6,5,6,1933,0,0,0,,0,1,MANCHESTER BLVD,GREVILLEA AV,0,,Y,A,-,N,,,,,,,,,,N,3,0,1,2,A,-,11,21955,,N,G,B,D,A,H,-,A,A,0,Y,,,,Y,,N,60,0,1,0,0,1,0,0,0,0,- ,- ,33.96178818,-118.3549805,LOS ANGELES,INGLEWOOD,-118.355072,33.96173859
91220422,2019,4/3/2020,9535,11/27/2019,2325,22230,,3,3,9,1900,0,3,5,,2,2,ATLANTIC BLVD,OLYMPIC BLVD,6,N,N,C,-,N,,,,,,,,,,N,3,0,1,2,A,-,11,21950,B,N,G,B,B,B,H,-,C,A,0,Y,,,Y,Y,,N,60,0,1,0,0,1,0,0,0,0,- ,- ,34.01639938,-118.1584015,LOS ANGELES,UNINCORPORATED,-118.1585388,34.01631546
8965190,2019,10/30/2019,1922,7/7/2019,1626,594,,7,5,6,1922,0,0,0,,0,,TYLER AV,RAMONA BL,0,,Y,A,-,N,,,,,,,,,,N,2,0,1,2,A,-,10,21950,A,N,-,B,B,A,H,-,A,A,0,Y,,,,Y,,D,22,1,0,0,0,1,0,0,0,0,- ,- ,34.07207108,-118.0360107,LOS ANGELES,EL MONTE,-118.0360107,34.07204819
8986440,2019,1/27/2020,1942,11/8/2019,1315,37540,1317,5,5,7,1942,0,0,0,M,0,13A13,S CENTRAL AV,E 12TH ST,0,,Y,A,-,N,,,,,,,,,,N,3,0,1,2,A,-,10,21950,A,N,G,B,B,A,H,-,A,A,0,Y,,,,Y,,A,1,0,1,0,0,1,0,0,0,0,- ,- ,,,LOS ANGELES,LOS ANGELES,-118.2452698,34.03017044
8987167,2019,12/12/2019,1942,10/29/2019,930,41516,806,2,5,7,1942,0,0,0,H,0,8A29,DELFERN DR,BARODA DR,729,S,N,A,-,N,,,,,,,,,,N,4,0,1,2,A,-,10,21954,B,F,G,B,E,A,H,-,A,D,0,Y,,,,Y,,-,99,0,0,1,0,1,0,0,0,0,- ,- ,,,LOS ANGELES,LOS ANGELES,-118.4300385,34.08156967
9024163,2019,2/8/2020,1942,12/18/2019,1245,42664,737,3,5,7,1942,0,0,0,G,0,7A17,S ORANGE DR,WILSHIRE BL,0,,Y,B,-,N,,,,,,,,,,N,4,0,1,2,A,-,10,21950,A,N,G,B,B,A,H,-,A,A,0,Y,,,,Y,,D,22,0,0,1,0,1,0,0,0,0,- ,- ,,,LOS ANGELES,LOS ANGELES,-118.3418198,34.06216049
9024502,2019,2/8/2020,1942,12/26/2019,1645,42932,105,4,5,7,1942,0,0,0,A,0,1A1,N BROADWAY,BERNARD ST,0,,Y,A,-,N,,,,,,,,,,N,4,0,1,2,A,-,10,21950,A,N,G,B,B,A,H,-,B,A,0,Y,,,,Y,,A,1,0,0,1,0,1,0,0,0,0,- ,- ,,,LOS ANGELES,LOS ANGELES,-118.2358704,34.06678009
9032421,2019,2/4/2020,1941,12/22/2019,1904,11296,,7,5,7,1941,0,0,0,,0,,LOS COYOTES DIAGONAL,XIMENO AV,0,,Y,B,-,N,,,,,,,,,,N,3,0,1,2,A,-,8,22107,,N,-,B,B,A,H,-,C,A,0,Y,,,,Y,,A,,0,1,0,0,1,0,0,0,0,- ,- ,,,LOS ANGELES,LONG BEACH,-118.1395493,33.79193878
8948581,2019,9/27/2019,1942,7/29/2019,2100,42869,1371,1,5,7,1942,0,0,0,M,0,13Z1,MAIN ST,E 52ND ST,0,,Y,A,-,N,,,,,,,,,,N,4,0,1,2,A,-,10,21950,A,F,G,B,B,A,H,-,C,D,0,Y,,,,Y,Y,-,99,0,0,1,0,1,0,0,0,0,- ,- ,,,LOS ANGELES,LOS ANGELES,-118.2739639,33.99520874
8950522,2019,10/9/2019,1942,9/11/2019,2050,43840,1497,3,5,7,1942,0,0,0,N,0,14A45,W CENTURY BL,AVIATION BL,0,,Y,A,-,N,,,,,,,,,,N,4,0,1,2,A,-,10,21950,A,N,G,B,B,A,H,-,C,A,0,Y,,,,Y,,A,7,0,0,1,0,1,0,0,0,0,- ,- ,,,LOS ANGELES,LOS ANGELES,-118.3791504,33.94511032
8950559,2019,10/18/2019,1942,9/18/2019,1425,40315,1411,3,5,7,1942,0,0,0,N,0,14A11,NAVY ST,OCEAN FRONT WALK,4,E,N,A,-,N,,,,,,,,,,N,4,0,2,2,C,-,18,,,N,E,J,F,A,H,-,A,A,0,Y,,,,Y,,-,- ,0,0,2,0,1,0,0,0,0,- ,- ,,,LOS ANGELES,LOS ANGELES,-118.4815826,33.9957962
8951049,2019,10/8/2019,1925,9/18/2019,844,21057,157,3,5,6,1925,0,0,0,,0,4,HARVEY DR,WILSON TER,0,,Y,A,-,N,,,,,,,,,,N,3,0,1,2,A,-,10,21950,A,N,G,B,B,A,H,-,A,A,0,Y,,,,Y,,A,1,0,1,0,0,1,0,0,0,0,- ,- ,,,LOS ANGELES,GLENDALE,-118.2279434,34.14884949
8956378,2019,12/14/2019,1925,10/2/2019,1238,21089,237,3,5,6,1925,0,0,0,,0,4,WILSON AV,JACKSON ST,0,,Y,A,-,N,,,,,,,,,,N,4,0,1,2,A,-,10,21950,A,N,G,B,B,A,H,-,A,A,0,Y,,,,Y,,A,1,0,0,1,0,1,0,0,0,0,- ,- ,,,LOS ANGELES,GLENDALE,-118.2501297,34.14812851
8963521,2019,10/29/2019,1942,10/1/2019,826,39938,111,2,5,7,1942,0,0,0,A,0,1A1,CESAR E CHAVEZ AV,GRAND AV,13,E,N,A,-,N,,,,,,,,,,N,2,0,1,2,A,-,10,21950,A,F,A,B,B,A,H,-,A,A,0,Y,,,,Y,,A,1,1,0,0,0,1,0,0,0,0,- ,- ,,,LOS ANGELES,LOS ANGELES,-118.2438583,34.06061554
8827415,2019,4/4/2019,1969,2/28/2019,1751,20226,TRAFF,4,5,5,1969,0,0,0,,0,,SOUTHERN AV,STATE ST,5,W,N,A,-,N,,,,,,,,,,N,4,0,1,2,A,-,10,21950,A,N,G,B,B,A,H,-,B,A,0,Y,,,,Y,,A,1,0,0,1,0,1,0,0,0,0,- ,- ,,,LOS ANGELES,SOUTH GATE,-118.2126846,33.95174026
8863145,2019,5/29/2019,1942,4/2/2019,2155,40325,1134,2,5,7,1942,0,0,0,K,0,11A89,SAN FERNANDO RD,MEDIA CENTER DR,100,N,N,A,-,N,,,,,,,,,,N,3,0,1,2,A,-,11,21954,A,N,G,B,D,A,H,-,C,A,0,Y,,,,Y,Y,N,60,0,1,0,0,1,0,0,0,0,- ,- ,,,LOS ANGELES,LOS ANGELES,-118.2424698,34.10960007
8909015,2019,8/13/2019,1942,7/12/2019,2130,40209,1469,5,5,7,1942,0,0,0,N,0,,CENTINELA AV,LA CIENEGA BL,16,W,N,A,-,N,,,,,,,,,,N,4,0,1,2,A,-,10,21950,A,N,G,B,B,A,H,-,C,A,0,Y,,,,Y,,A,1,0,0,1,0,1,0,0,0,0,- ,- ,,,LOS ANGELES,LOS ANGELES,-118.3702927,33.97730255
8939203,2019,12/12/2019,1975,6/17/2019,1455,447,,1,5,6,1975,0,0,0,,0,1,ORANGE AV,PACIFIC LN,66,S,N,B,-,N,,,,,,,,,,N,1,1,2,3,A,-,8,22107,,N,B,B,E,A,H,-,A,A,0,Y,,,,Y,,-,,0,0,2,1,0,0,0,0,0,- ,- ,34.07471848,-117.9430618,LOS ANGELES,WEST COVINA,-117.9430313,34.07448959
8941314,2019,9/30/2019,1931,9/12/2019,2014,5307,1931,4,5,5,1931,0,0,0,,0,2,GAGE AV,SALT LAKE AV,42,E,N,A,-,N,,,,,,,,,,N,4,0,1,2,A,-,11,21954,A,N,G,B,D,A,H,-,C,A,0,Y,,,,Y,,N,60,0,0,1,0,1,0,0,0,0,- ,- ,,,LOS ANGELES,HUNTINGTON PARK,-118.204216,33.97985077
8947083,2019,10/4/2019,1953,9/5/2019,832,3367,195,4,5,6,1953,0,0,0,,0,4,SIERRA MADRE VILLA AV,FOOTHILL BL,0,,Y,A,-,N,,,,,,,,,,N,4,0,1,2,A,-,10,21950,A,N,G,B,B,A,H,-,A,A,0,Y,,,,Y,,A,1,0,0,1,0,1,0,0,0,0,- ,- ,,,LOS ANGELES,PASADENA,-118.082489,34.15008163
8808258,2019,8/9/2019,1942,6/24/2019,2150,43704,124,1,5,7,1942,0,0,0,A,0,1A1,EAST 2ND ST,E MAIN ST,200,,N,A,-,N,,,,,,,,,,N,4,0,1,2,-,-,- ,,,F,G,B,E,A,H,-,C,A,0,Y,,,,Y,,-,- ,0,0,1,0,1,0,0,0,0,- ,- ,,,LOS ANGELES,LOS ANGELES,-118.2445526,34.05099106
8810943,2019,3/13/2019,1901,1/20/2019,1734,276,11,7,5,5,1901,0,0,0,,0,2,VALLEY BL,MONTEREY ST,10,W,N,A,-,N,,,,,,,,,,N,2,0,1,2,A,-,10,21950,A,N,G,B,B,A,H,-,C,D,0,Y,,,,Y,,A,1,1,0,0,0,1,0,0,0,0,- ,- ,,,LOS ANGELES,ALHAMBRA,-118.1208649,34.07872772
8827192,2019,4/16/2019,1941,3/11/2019,1324,10943,,1,5,7,1941,0,0,0,,0,,REDONDO AV,10TH ST,0,,Y,A,-,N,,,,,,,,,,N,4,0,1,2,A,-,10,21950,A,N,G,B,B,A,H,-,A,A,0,Y,,,,Y,,A,,0,0,1,0,1,0,0,0,0,- ,- ,,,LOS ANGELES,LONG BEACH,-118.1524277,33.77894974
8829410,2019,4/4/2019,1900,2/25/2019,1815,606663,1628,1,5,5,1977,0,0,0,,0,167T1,CARSON ST,AVALON BL,5,W,N,A,-,N,,,,,,,,,,N,4,0,1,2,A,-,9,21453,B,N,G,B,B,A,H,-,B,A,0,Y,,,,Y,,A,1,0,0,1,0,1,0,0,0,0,- ,- ,33.83150101,-118.2634964,LOS ANGELES,CARSON,-118.2637634,33.83176041
8868853,2019,6/3/2019,1972,4/12/2019,2142,16610,,5,5,6,1972,0,0,0,,0,,MAPLE AV,EL DORADO,15,S,N,B,-,N,,,,,,,,,,N,4,0,1,2,A,-,10,21950,A,N,D,B,B,A,H,-,C,D,0,Y,,,,Y,,A,,0,0,1,0,1,0,0,0,0,- ,- ,,,LOS ANGELES,TORRANCE,-118.3400497,33.83429718
8872818,2019,6/10/2019,1942,5/16/2019,100,40325,195,4,5,7,1942,0,0,0,A,0,,MAPLE AV,18TH ST,170,S,N,B,-,N,,,,,,,,,,N,2,0,1,2,A,-,11,21954,A,F,G,B,E,A,H,-,C,A,0,Y,,,,Y,,N,60,1,0,0,0,1,0,0,0,0,- ,- ,,,LOS ANGELES,LOS ANGELES,-118.2605972,34.03038025
90923912,2019,2/11/2019,9525,2/2/2019,1051,19495,,6,1,1,1934,0,1,1,,2,651,I-605 S/B (SAN GABRIEL RIVER FWY),ARROW HIGHWAY,528,N,N,B,C,Y,,,605,,,,,,S,Y,3,0,3,5,A,-,3,22350,,N,A,C,E,B,H,-,A,D,0,Y,,,,Y,,A,1,0,2,1,0,1,0,0,0,0,- ,- ,34.11610031,-117.9766998,LOS ANGELES,IRWINDALE,-117.9767532,34.11616516
8943616,2019,9/27/2019,1900,8/26/2019,2135,600358,,1,5,4,1979,0,0,0,,0,91T3,SANTA MONICA BL,WEST KNOLL DR,159,W,N,A,-,N,,,,,,,,,,N,3,0,1,2,A,-,11,21954,A,M,A,B,E,A,H,-,D,D,0,Y,,,,Y,,N,60,0,1,0,0,1,0,0,0,0,- ,- ,34.08832932,-118.3782501,LOS ANGELES,WEST HOLLYWOOD,-118.3775101,34.08890533
8959870,2019,11/5/2019,1942,10/19/2019,905,38947,2118,6,5,7,1942,0,0,0,,0,21A29,OSO AV,ROSCOE BL,0,,Y,A,-,N,,,,,,,,,,N,2,0,1,2,A,-,10,21950,A,N,G,B,B,A,H,-,A,A,0,Y,,,,Y,,A,7,1,0,0,0,1,0,0,0,0,- ,- ,,,LOS ANGELES,LOS ANGELES,-118.5754318,34.22018814
8962186,2019,10/24/2019,1942,8/26/2019,2500,38922,239,1,5,7,1942,0,0,0,B,0,2A39,2ND ST,BIXEL ST,0,S,N,A,-,N,,,,,,,,,,N,4,0,1,2,A,-,17,21461,A,M,G,G,E,A,H,-,C,A,0,Y,,,,Y,,-,,0,0,1,0,1,0,0,0,0,- ,- ,,,LOS ANGELES,LOS ANGELES,-118.257431,34.05963135
8981356,2019,12/17/2019,1900,11/22/2019,1200,639798,1013,5,5,3,1995,0,0,0,,0,101T1P,WILDLIFE RD,FERNHILL DR,1000,S,N,A,-,N,,,,,,,,,,N,2,0,1,2,A,-,10,21950,A,N,G,B,E,A,H,-,A,D,0,Y,,,,Y,,M,96,1,0,0,0,1,0,0,0,0,- ,- ,,,LOS ANGELES,MALIBU,-118.7958527,34.01480103
9076129,2019,9/4/2020,1965,10/17/2019,2226,3979,0B3A,4,5,5,1965,0,0,0,,0,3,SANTA MONICA BL,26TH ST,0,,Y,A,-,N,,,,,,,,,,N,2,0,1,2,A,-,11,21456,B,N,G,B,B,A,H,-,C,A,0,Y,,,,Y,Y,N,60,1,0,0,0,1,0,0,0,0,- ,- ,,,LOS ANGELES,SANTA MONICA,-118.4742966,34.03329849
90903181,2019,1/14/2019,9565,1/10/2019,815,22056,,4,1,9,1900,0,3,5,,2,4,FREEMAN AVENUE,105TH STREET,61,N,N,A,-,N,,,,,,,,,,N,3,0,1,3,A,-,8,22107,,F,C,E,F,A,H,-,A,D,0,Y,,,,Y,,A,8,0,1,0,0,1,0,0,0,0,- ,- ,33.94118881,-118.3482285,LOS ANGELES,UNINCORPORATED,-118.3482895,33.94105911
8883209,2019,12/21/2019,1942,6/15/2019,2345,39022,2073,6,5,7,1942,0,0,0,,0,7T23,WESTERN AV,14TH ST,3,S,N,A,-,N,,,,,,,,,,N,2,0,2,3,A,-,11,21950,B,N,G,B,B,A,H,-,A,D,0,Y,,,,Y,,N,60,1,0,1,0,2,0,0,0,0,- ,- ,,,LOS ANGELES,LOS ANGELES,-118.3090363,34.04629135
8885591,2019,7/10/2019,1942,5/17/2019,1555,43532,1144,5,5,7,1942,0,0,0,K,0,11A71,SILVER LAKE BL,DUANE ST,3,S,N,A,-,N,,,,,,,,,,N,4,0,1,2,A,-,3,22350,A,N,G,B,B,A,H,-,A,A,0,Y,,,,Y,,A,1,0,0,1,0,1,0,0,0,0,- ,- ,,,LOS ANGELES,LOS ANGELES,-118.2640381,34.09205627
8892107,2019,8/7/2019,1962,6/9/2019,2039,85,1962,7,5,4,1962,0,0,0,,0,4,SAN GABRIEL BL,MARSHALL ST,0,,Y,A,-,N,,,,,,,,,,,3,0,1,2,D,-,0,,,N,G,B,B,A,H,-,C,A,0,Y,,,,Y,,-,- ,0,1,0,0,1,0,0,0,0,- ,- ,34.0748291,-118.0907516,LOS ANGELES,SAN GABRIEL,-118.0907211,34.07514954
8912376,2019,8/21/2019,1942,7/20/2019,2229,43853,701,6,5,7,1942,0,0,0,G,0,7A17,LA CIENEGA BL,WILOUGHBY AV,100,N,N,A,-,N,,,,,,,,,,N,3,0,1,2,A,-,0,21954,,N,G,B,D,A,H,-,C,D,0,Y,,,,Y,,A,1,0,1,0,0,1,0,0,0,0,- ,- ,,,LOS ANGELES,LOS ANGELES,-118.376442,34.08728409
8925118,2019,9/9/2019,1942,7/30/2019,50,38050,467,2,5,7,1942,0,0,0,D,0,4A71,SOTO ST,1ST ST,0,,Y,B,-,N,,,,,,,,,,N,2,0,1,2,A,-,11,21954,A,N,G,B,D,A,H,-,C,A,0,Y,,,Y,Y,,N,60,1,0,0,0,1,0,0,0,0,- ,- ,,,LOS ANGELES,LOS ANGELES,-118.2097778,34.04375076
8937700,2019,9/20/2019,1942,8/16/2019,1650,40275,249,5,5,7,1942,0,0,0,B,0,2A69,S BIXEL ST,W 6TH ST,5,S,N,A,-,N,,,,,,,,,,N,4,0,1,2,A,-,10,21950,A,N,G,B,B,A,H,-,A,A,0,Y,,,,Y,,A,7,0,0,1,0,1,0,0,0,0,- ,- ,,,LOS ANGELES,LOS ANGELES,-118.262146,34.05405807
8784493,2019,2/13/2019,1942,1/24/2019,1910,37357,739,4,5,7,1942,0,0,0,G,0,20A34,PLYMOUTH BL,4TH ST,0,,Y,A,-,N,,,,,,,,,,N,2,0,1,2,D,-,0,,,N,A,B,D,A,H,-,E,D,0,Y,,,,Y,,-,- ,1,0,0,0,1,0,0,0,0,- ,- ,,,LOS ANGELES,LOS ANGELES,-118.3228912,34.06713104
8792313,2019,2/15/2019,1925,1/16/2019,1736,27527,254,3,5,6,1925,0,0,0,,0,3,GLENDALE AV,ELK AV,83,S,N,C,-,N,,,,,,,,,,N,4,0,1,2,A,-,10,21950,A,N,G,B,B,B,H,-,C,D,0,Y,,,,Y,,A,7,0,0,1,0,1,0,0,0,0,- ,- ,,,LOS ANGELES,GLENDALE,-118.2498703,34.14140701
8800264,2019,2/20/2019,1953,1/13/2019,906,5267,1953,7,5,6,1953,0,0,0,,0,4,DEL MAR BL,ALTADENA DR,0,,Y,B,-,N,,,,,,,,,,N,3,0,1,2,A,-,10,21950,A,N,G,B,B,A,H,-,A,A,0,Y,,,,Y,,A,1,0,1,0,0,1,0,0,0,0,- ,- ,,,LOS ANGELES,PASADENA,-118.0987015,34.14210129
8802771,2019,2/21/2019,1942,2/3/2019,2000,42215,726,7,5,7,1942,0,0,0,G,0,7A17,BEVERLY BL,N ALTA VISTA BL,0,,Y,B,-,N,,,,,,,,,,Y,4,0,1,5,A,-,9,21802,A,F,D,C,F,A,H,-,C,A,0,Y,,,,Y,,-,99,0,0,1,0,1,0,0,0,0,- ,- ,,,LOS ANGELES,LOS ANGELES,-118.3474503,34.07617188
8816047,2019,3/20/2019,1942,2/22/2019,925,39085,1017,5,5,7,1942,0,0,0,J,0,10A17,SHERMAN WY,LOUISE AV,20,E,N,A,-,N,,,,,,,,,,N,4,0,1,2,A,-,10,21950,A,N,G,B,B,A,H,-,A,A,0,Y,,,,Y,,A,7,0,0,1,0,1,0,0,0,0,- ,- ,,,LOS ANGELES,LOS ANGELES,-118.5097427,34.20121765
8838599,2019,4/10/2019,1944,2/23/2019,1311,363,SOUTH,6,5,4,1944,0,0,0,,0,,HIGHLAND AV,ROSECRANS AV,0,,Y,A,-,N,,,,,,,,,,N,3,0,1,2,A,-,10,21950,A,N,G,B,B,A,H,-,A,A,0,Y,,,,Y,,A,7,0,1,0,0,1,0,0,0,0,- ,- ,,,LOS ANGELES,MANHATTAN BEACH,-118.4178085,33.90098953
9037921,2019,2/18/2020,1942,12/21/2019,1930,38090,2033,6,5,7,1942,0,0,0,,0,27T31,S WESTERN AV,INGRAHAM ST,44,N,N,A,-,N,,,,,,,,,,N,4,0,1,2,A,-,17,21100,3,F,G,B,E,A,H,-,C,A,0,Y,,,,Y,,-,99,0,0,1,0,1,0,0,0,0,- ,- ,,,LOS ANGELES,LOS ANGELES,-118.3090897,34.06081009