CASE_ID,ACCIDENT_YEAR,PROC_DATE,JURIS,COLLISION_DATE,COLLISION_TIME,OFFICER_ID,REPORTING_DISTRICT,DAY_OF_WEEK,CHP_SHIFT,POPULATION,CNTY_CITY_LOC,SPECIAL_COND,BEAT_TYPE,CHP_BEAT_TYPE,CITY_DIVISION_LAPD,CHP_BEAT_CLASS,BEAT_NUMBER,PRIMARY_RD,SECONDARY_RD,DISTANCE,DIRECTION,INTERSECTION,WEATHER_1,WEATHER_2,STATE_HWY_IND,CALTRANS_COUNTY,CALTRANS_DISTRICT,STATE_ROUTE,ROUTE_SUFFIX,POSTMILE_PREFIX,POSTMILE,LOCATION_TYPE,RAMP_INTERSECTION,SIDE_OF_HWY,TOW_AWAY,COLLISION_SEVERITY,NUMBER_KILLED,NUMBER_INJURED,PARTY_COUNT,PRIMARY_COLL_FACTOR,PCF_CODE_OF_VIOL,PCF_VIOL_CATEGORY,PCF_VIOLATION,PCF_VIOL_SUBSECTION,HIT_AND_RUN,TYPE_OF_COLLISION,MVIW,PED_ACTION,ROAD_SURFACE,ROAD_COND_1,ROAD_COND_2,LIGHTING,CONTROL_DEVICE,CHP_ROAD_TYPE,PEDESTRIAN_ACCIDENT,BICYCLE_ACCIDENT,MOTORCYCLE_ACCIDENT,TRUCK_ACCIDENT,NOT_PRIVATE_PROPERTY,ALCOHOL_INVOLVED,STWD_VEHTYPE_AT_FAULT,CHP_VEHTYPE_AT_FAULT,COUNT_SEVERE_INJ,COUNT_VISIBLE_INJ,COUNT_COMPLAINT_PAIN,COUNT_PED_KILLED,COUNT_PED_INJURED,COUNT_BICYCLIST_KILLED,COUNT_BICYCLIST_INJURED,COUNT_MC_KILLED,COUNT_MC_INJURED,PRIMARY_RAMP,SECONDARY_RAMP,LATITUDE,LONGITUDE,COUNTY,CITY,POINT_X,POINT_Y
8923295,2019,8/28/2019,1942,8/8/2019,2200,37724,1283,4,5,7,1942,0,0,0,L,0,25T29,97TH ST,CIMARRON ST,200,E,N,A,-,N,,,,,,,,,,N,3,0,1,2,A,-,11,21956,A,F,G,B,E,A,H,-,C,D,0,Y,,,,Y,,-,99,0,1,0,0,1,0,0,0,0,- ,- ,,,LOS ANGELES,LOS ANGELES,-118.3145447,33.94776154
8923298,2019,8/30/2019,1942,8/1/2019,2144,42987,884,4,5,7,1942,0,0,0,H,0,853,PICO BL,SAWTELLE BL,0,,Y,A,-,N,,,,,,,,,,N,3,0,1,2,A,-,11,21456,B,N,G,B,C,A,H,-,C,A,0,Y,,,,Y,Y,N,60,0,1,0,0,1,0,0,0,0,- ,- ,,,LOS ANGELES,LOS ANGELES,-118.4386826,34.03520966
8923342,2019,9/23/2019,1942,8/5/2019,1240,43389,855,1,5,7,1942,0,0,0,H,0,8A95,OHIO AV,WESTWOOD BL,0,,Y,A,-,N,,,,,,,,,,N,3,0,1,2,A,-,10,21950,A,N,G,B,B,A,H,-,A,A,0,Y,,,,Y,,A,1,0,1,0,0,1,0,0,0,0,- ,- ,,,LOS ANGELES,LOS ANGELES,-118.4407272,34.05410004
8924128,2019,1/31/2020,1941,8/7/2019,2237,11392,,3,5,7,1941,0,0,0,,0,,PACIFIC COAST HWY,7TH ST,0,,Y,A,-,Y,LA,7,1,-,-,1.973,I,5,N,N,2,0,1,2,A,-,0,20001,,M,G,B,B,A,H,-,C,A,0,Y,,,,Y,,A,,1,0,0,0,1,0,0,0,0,- ,- ,,,LOS ANGELES,LONG BEACH,-118.1227036,33.77539444
8924708,2019,8/28/2019,1942,7/19/2019,1925,42515,1323,5,5,7,1942,0,0,0,M,0,13Z4,E 25TH ST,CENTRAL AV,370,W,N,A,-,N,,,,,,,,,,N,4,0,1,2,A,-,5,21650,,N,-,B,D,A,H,-,A,-,0,Y,,,,Y,,A,1,0,0,1,0,1,0,0,0,0,- ,- ,,,LOS ANGELES,LOS ANGELES,-118.2556305,34.02018356
8924809,2019,8/28/2019,1942,7/22/2019,2145,35291,1326,1,5,7,1942,0,0,0,M,0,13A27,ADAMS BL,HOOPER AV,260,E,N,A,-,N,,,,,,,,,,N,2,0,1,2,A,-,3,22350,,F,G,B,E,A,H,-,C,D,0,Y,,,,Y,,-,99,1,0,0,0,1,0,0,0,0,- ,- ,,,LOS ANGELES,LOS ANGELES,-118.2494278,34.01622391
8924833,2019,8/27/2019,1942,8/5/2019,1500,34458,1331,1,5,7,1942,0,0,0,M,0,13A41,S GRAND AV,W 28TH ST,5,S,N,A,-,N,,,,,,,,,,N,4,0,1,2,A,-,10,21950,A,N,G,B,B,A,H,-,A,A,0,Y,,,,Y,,A,1,0,0,1,0,1,0,0,0,0,- ,- ,,,LOS ANGELES,LOS ANGELES,-118.2734146,34.02468872
8925589,2019,9/5/2019,1942,8/8/2019,1030,41629,153,4,5,7,1942,0,0,0,A,0,1A41,S SPRING ST,W 6TH ST,263,S,N,A,-,N,,,,,,,,,,N,3,0,1,2,A,-,11,21956,A,N,G,B,E,A,H,-,A,D,0,Y,,,,Y,,N,60,0,1,0,0,1,0,0,0,0,- ,- ,,,LOS ANGELES,LOS ANGELES,-118.2515259,34.04539108
8925645,2019,9/4/2019,1953,8/9/2019,2123,1287,1953,5,5,6,1953,0,0,0,,0,3,HILL AV,WALNUT ST,300,S,N,A,-,N,,,,,,,,,,N,4,0,1,2,A,-,11,21955,,N,G,B,-,A,H,-,C,D,0,Y,,,,Y,,N,60,0,0,1,0,1,0,0,0,0,- ,- ,,,LOS ANGELES,PASADENA,-118.1213837,34.14868927
8926638,2019,8/27/2019,1942,5/27/2019,1615,43501,LAPD/,1,5,7,1942,0,0,0,,0,18A1,118TH ST,AINSWORTH ST,152,E,N,A,-,N,,,,,,,,,,N,4,0,1,2,A,-,11,21954,A,N,G,B,D,A,H,-,A,D,0,Y,,,,Y,,N,60,0,0,1,0,1,0,0,0,0,- ,- ,,,LOS ANGELES,LOS ANGELES,-118.2899551,33.92650223
8926648,2019,8/23/2019,1975,4/27/2019,916,395,CITRU,6,5,6,1975,0,0,0,,0,5,AMAR RD,OFFICER CHILES WY,0,,Y,A,-,N,,,,,,,,,,Y,4,0,1,2,A,-,11,21950,B,N,G,-,D,A,H,-,A,A,0,Y,,,,Y,,N,60,0,0,1,0,1,0,0,0,0,- ,- ,,,LOS ANGELES,WEST COVINA,-117.91319,34.03066
8926837,2019,9/5/2019,1900,8/14/2019,820,600019,562,3,5,3,1968,0,0,0,,0,55T1AM,SANTA ANITA AV,CENTRAL AV,0,,Y,A,-,N,,,,,,,,,,N,3,0,1,2,A,-,10,21950,A,N,G,B,B,A,H,-,A,A,0,Y,,,,Y,,D,22,0,1,0,0,1,0,0,0,0,- ,- ,34.04399872,-118.0460968,LOS ANGELES,SOUTH EL MONTE,-118.0462494,34.04399109
8926976,2019,8/29/2019,1942,8/5/2019,2230,43487,1751,1,5,7,1942,0,0,0,Q,0,17A23,TOPANGA CANYON BL,DEVONSHIRE ST,0,,Y,A,-,N,,,,,,,,,,N,3,0,1,2,A,-,10,21950,A,F,G,B,B,A,H,-,C,A,0,Y,,,,Y,,-,99,0,1,0,0,1,0,0,0,0,- ,- ,,,LOS ANGELES,LOS ANGELES,-118.6060486,34.25719833
8927022,2019,8/28/2019,1942,7/19/2019,2315,40730,128,5,5,7,1942,0,0,0,A,0,24TL34,1ST ST,SAN PEDRO ST,80,E,N,A,-,N,,,,,,,,,,N,3,0,1,2,A,-,17,21235,G,N,G,B,F,A,H,-,C,D,0,Y,,,,Y,Y,M,94,0,1,0,0,1,0,0,0,0,- ,- ,,,LOS ANGELES,LOS ANGELES,-118.2407303,34.05025864
8927287,2019,8/28/2019,1900,6/3/2019,1715,540543,261,1,5,4,1917,0,0,0,,0,0PM,CIARA ST,OTIS AV,15,W,N,A,-,N,,,,,,,,,,N,4,0,1,2,A,-,11,21955,,N,G,B,D,A,H,-,A,-,0,Y,,,,Y,,N,60,0,0,1,0,1,0,0,0,0,- ,- ,33.96659088,-118.1960831,LOS ANGELES,CUDAHY,-118.1946106,33.966362
8927295,2019,8/28/2019,1900,6/12/2019,1200,624604,250,3,5,4,1945,0,0,0,,0,28,EVERETT AV,SLAUSON AV,0,,-,A,-,N,,,,,,,,,,N,4,0,1,2,A,-,8,22107,,F,H,B,E,A,H,-,A,D,0,Y,,,,Y,,-,,0,0,1,0,1,0,0,0,0,- ,- ,,,LOS ANGELES,MAYWOOD,-118.2008972,33.98870087
8927345,2019,8/29/2019,1942,7/6/2019,1820,33452,128,6,5,7,1942,0,0,0,A,0,24T31,SAN PEDRO ST,2ND ST,21,N,N,A,-,N,,,,,,,,,,N,3,0,1,2,A,-,12,21453,A,N,G,B,B,A,H,-,-,A,0,Y,,,,Y,,A,7,0,1,0,0,1,0,0,0,0,- ,- ,,,LOS ANGELES,LOS ANGELES,-118.2417068,34.04933929
8927624,2019,9/4/2019,1941,8/12/2019,154,11265,,1,5,7,1941,0,0,0,,0,,CHESTNUT AV,19TH ST,0,,Y,A,-,N,,,,,,,,,,N,2,0,1,2,D,-,0,,,F,C,B,E,A,H,-,C,A,0,Y,,,,Y,,-,- ,1,0,0,0,1,0,0,0,0,- ,- ,,,LOS ANGELES,LONG BEACH,-118.1964264,33.79167175
8927671,2019,9/4/2019,1942,8/13/2019,1615,30830,1028,2,5,7,1942,0,0,0,J,0,10A17,HAYNES ST,BALBOA BL,50,W,N,A,-,N,,,,,,,,,,N,4,0,1,2,A,-,11,21954,A,F,G,B,D,A,H,-,A,D,0,Y,,,,Y,,N,60,0,0,1,0,1,0,0,0,0,- ,- ,,,LOS ANGELES,LOS ANGELES,-118.5012741,34.18931198
8927930,2019,9/4/2019,1941,8/2/2019,1818,10999,,5,5,7,1941,0,0,0,,0,,CHERRY AV,65TH ST,0,,Y,A,-,N,,,,,,,,,,N,4,0,1,2,D,-,0,,,N,H,B,C,A,H,-,A,D,0,Y,,,,Y,,-,- ,0,0,1,0,1,0,0,0,0,- ,- ,,,LOS ANGELES,LONG BEACH,-118.1686478,33.87282944
8928118,2019,9/3/2019,1900,7/21/2019,1830,620765,467,7,5,4,1936,0,0,0,,0,46K5,BEACH BL,HILLSBOROUGH DR,0,,Y,A,-,N,,,,,,,,,,N,4,0,1,2,A,-,10,21950,A,N,G,B,B,A,H,-,A,A,0,Y,,,,Y,,A,1,0,0,1,0,1,0,0,0,0,- ,- ,,,LOS ANGELES,LA MIRADA,-117.9779282,33.9086113
8928283,2019,9/3/2019,1942,7/26/2019,1605,42814,701,5,5,7,1942,0,0,0,G,0,7A22,MELROSE AV,FLORES ST,20,W,N,A,-,N,,,,,,,,,,N,4,0,1,2,A,-,11,21956,A,N,G,B,D,A,H,-,A,A,0,Y,,,,Y,,N,60,0,0,1,0,1,0,0,0,0,- ,- ,,,LOS ANGELES,LOS ANGELES,-118.3713684,34.08367157
8928501,2019,9/18/2019,1955,8/12/2019,1404,41138,36,1,5,6,1955,0,0,0,,0,2,WHITE AV,PRECIADO ST,482,N,N,A,-,N,,,,,,,,,,Y,3,0,2,2,A,-,11,21954,A,F,G,B,D,A,H,-,A,A,0,Y,,Y,,Y,,N,60,0,1,1,0,1,0,0,0,1,- ,- ,,,LOS ANGELES,POMONA,-117.7592926,34.0741806
8929022,2019,9/11/2019,1900,8/22/2019,952,610418,1139,4,5,6,1992,0,0,0,,0,111T1,56TH ST WEST,CORDIVA CT,21,S,N,A,-,N,,,,,,,,,,N,4,0,1,2,A,-,3,22350,,N,G,B,B,A,H,-,A,D,0,Y,,,,Y,,A,7,0,0,1,0,1,0,0,0,0,- ,- ,,,LOS ANGELES,LANCASTER,-118.2294159,34.65605164
8929064,2019,9/11/2019,1925,8/11/2019,1411,22882,266,7,5,6,1925,0,0,0,,0,2,PACIFIC AV,RIVERDALE DR,0,,Y,A,-,N,,,,,,,,,,Y,3,0,4,5,A,-,12,21453,A,N,G,B,B,A,H,-,A,A,0,Y,,,,Y,,A,1,0,1,3,0,1,0,0,0,0,- ,- ,,,LOS ANGELES,GLENDALE,-118.2644119,34.13871002
8929084,2019,9/11/2019,1925,8/20/2019,1547,21995,218,2,5,6,1925,0,0,0,,0,2,WILSON AV,PACIFIC AV,0,,Y,A,-,N,,,,,,,,,,N,3,0,1,2,A,-,10,21950,A,N,-,B,B,A,H,-,A,A,0,Y,,,,Y,,A,1,0,1,0,0,1,0,0,0,0,- ,- ,,,LOS ANGELES,GLENDALE,-118.2645035,34.14801025
8929412,2019,9/19/2019,1900,8/8/2019,1900,531566,641,4,5,6,1985,0,0,0,,0,62T1,URBANA AV,BOUQUET CANYON RD,4,W,N,A,-,N,,,,,,,,,,N,3,0,1,2,D,-,0,,,N,G,B,B,A,H,-,A,A,0,Y,,,,Y,,-,- ,0,1,0,0,1,0,0,0,0,- ,- ,34.44612122,-118.5058823,LOS ANGELES,SANTA CLARITA,-118.505807,34.445995
8929495,2019,9/10/2019,1942,8/15/2019,2145,32372,1745,4,5,7,1942,0,0,0,Q,0,17A49,DEVONSHIRE ST,BALBOA BL,706,E,N,A,-,N,,,,,,,,,,N,2,0,1,2,A,-,11,21954,A,N,G,B,D,A,H,-,C,D,0,Y,,,,Y,,N,60,1,0,0,0,1,0,0,0,0,- ,- ,,,LOS ANGELES,LOS ANGELES,-118.5,34.25750732
8929959,2019,9/3/2019,1910,8/11/2019,1725,3494,,7,5,4,1910,0,0,0,,0,9,GALE DR,WILSHIRE BL,425,N,N,A,-,N,,,,,,,,,,N,4,0,1,2,D,-,0,,,N,G,C,-,A,H,-,A,D,0,Y,Y,,,Y,,-,- ,0,0,1,0,1,0,0,0,0,- ,- ,,,LOS ANGELES,BEVERLY HILLS,-118.3741074,34.06465149
8930380,2019,9/9/2019,1942,8/6/2019,1430,39481,128,2,5,7,1942,0,0,0,A,0,2A5,2ND ST,CENTRAL AV,0,,Y,A,-,N,,,,,,,,,,N,3,0,1,2,A,-,11,21453,D,N,G,B,B,A,H,-,A,A,0,Y,,,,Y,,N,60,0,1,0,0,1,0,0,0,0,- ,- ,,,LOS ANGELES,LOS ANGELES,-118.2393723,34.0476799
8930591,2019,12/18/2019,1942,8/20/2019,2045,36508,LA,2,5,7,1942,0,0,0,,0,,SHERMAN WAY,LURLINE AV,0,,Y,A,-,N,,,,,,,,,,N,3,0,1,2,A,-,10,21950,A,F,G,B,B,A,H,-,C,A,0,Y,,,,Y,,-,99,0,1,0,0,1,0,0,0,0,- ,- ,,,LOS ANGELES,LOS ANGELES,-118.584137,34.20111084
8930669,2019,9/4/2019,1942,6/27/2019,840,43800,326,4,5,7,1942,0,0,0,C,0,3A15W2,NORMANDIE AV,29TH ST,25,,N,B,-,N,,,,,,,,,,Y,3,0,3,4,A,-,3,22350,,N,-,-,B,A,H,-,A,A,0,Y,,Y,,Y,,A,1,0,2,1,0,1,0,0,0,1,- ,- ,,,LOS ANGELES,LOS ANGELES,-118.3002319,34.02914047
8930962,2019,9/16/2019,1942,8/2/2019,1127,41671,2081,5,5,7,1942,0,0,0,,0,20A1,S WESTERN AV,W 18TH ST,35,S,N,A,-,N,,,,,,,,,,N,3,0,1,3,A,-,3,22350,,F,C,C,B,A,H,-,A,A,0,Y,,,,Y,,-,99,0,1,0,0,1,0,0,0,0,- ,- ,,,LOS ANGELES,LOS ANGELES,-118.3090286,34.04164505
8931014,2019,9/12/2019,1942,8/4/2019,5,42640,859,7,5,7,1942,0,0,0,H,0,8A59,S SEPULVEDA ST,W PICO BL,5,N,N,A,-,N,,,,,,,,,,N,4,0,1,2,A,-,10,21950,A,F,G,B,B,A,H,-,C,A,0,Y,,,,Y,,-,99,0,0,1,0,1,0,0,0,0,- ,- ,,,LOS ANGELES,LOS ANGELES,-118.4351425,34.03700256
8931212,2019,9/18/2019,1942,8/26/2019,2036,40388,1003,1,5,7,1942,0,0,0,J,0,10A3,ROSCOE BL,WILBUR AV,0,,Y,A,-,N,,,,,,,,,,N,3,0,1,2,A,-,10,21950,A,N,G,B,B,A,H,-,C,A,0,Y,,,,Y,Y,D,22,0,1,0,0,1,0,0,0,0,- ,- ,,,LOS ANGELES,LOS ANGELES,-118.5448074,34.22061157
8931955,2019,9/20/2019,1941,8/26/2019,2240,11351,,1,5,7,1941,0,0,0,,0,,CEDAR AV,10TH ST,16,N,N,A,-,N,,,,,,,,,,N,3,0,2,3,A,-,10,21950,A,F,G,B,B,A,H,-,C,A,0,Y,,,,Y,,A,,0,2,0,0,2,0,0,0,0,- ,- ,,,LOS ANGELES,LONG BEACH,-118.1950684,33.77902222
8932295,2019,9/16/2019,1929,8/26/2019,800,178,,1,5,3,1929,0,0,0,,0,2,LONGFELLOW AV,MANHATTAN AV,0,,Y,A,-,N,,,,,,,,,,N,4,0,1,2,A,-,10,21950,A,N,D,B,B,A,H,-,A,A,0,Y,,,,Y,,A,7,0,0,1,0,1,0,0,0,0,- ,- ,,,LOS ANGELES,HERMOSA BEACH,-118.4061737,33.87577057
8932312,2019,9/17/2019,1942,8/26/2019,810,42926,185,1,5,7,1942,0,0,0,A,0,1A85,S MAIN ST,E OLYMPIC BL,135,S,N,A,-,N,,,,,,,,,,N,2,0,1,2,A,-,9,21804,A,N,A,B,F,A,H,-,A,D,0,Y,,,,Y,,A,1,1,0,0,0,1,0,0,0,0,- ,- ,,,LOS ANGELES,LOS ANGELES,-118.2570724,34.04023361
8932317,2019,9/17/2019,1942,8/18/2019,1615,41729,393,7,5,7,1942,0,0,0,C,0,3A73,CRENSHAW BL,HOMELAND DR,60,N,N,A,-,N,,,,,,,,,,N,4,0,1,2,A,-,15,21235,A,F,H,B,E,A,H,-,A,D,0,Y,,,,Y,,-,99,0,0,1,0,1,0,0,0,0,- ,- ,,,LOS ANGELES,LOS ANGELES,-118.3338394,34.00547028
8932437,2019,9/20/2019,1942,8/31/2019,2340,42798,236,6,5,7,1942,0,0,0,B,0,2A47,BEVERLY BL,UNION AV,0,,Y,A,-,N,,,,,,,,,,N,2,0,1,2,A,-,11,21453,D,N,G,B,B,A,H,-,C,A,0,Y,,,,Y,,N,60,1,0,0,0,1,0,0,0,0,- ,- ,,,LOS ANGELES,LOS ANGELES,-118.2658691,34.06465912
8933078,2019,9/19/2019,1955,8/20/2019,746,40347,4,2,5,6,1955,0,0,0,,0,1,3RD ST,MAIN ST,1,W,N,A,-,N,,,,,,,,,,N,4,0,1,2,A,-,11,21950,B,N,D,B,B,A,H,-,A,A,0,Y,,,,Y,,N,60,0,0,1,0,1,0,0,0,0,- ,- ,,,LOS ANGELES,POMONA,-117.7523041,34.05685043
8933446,2019,9/10/2019,1955,8/26/2019,1804,42261,21,1,5,6,1955,0,0,0,,0,2,TOWNE AV,OAKHURST DR,0,,Y,A,-,N,,,,,,,,,,N,3,0,1,2,A,-,11,21954,A,N,G,B,D,A,H,-,A,D,0,Y,,,,Y,,N,60,0,1,0,0,1,0,0,0,0,- ,- ,,,LOS ANGELES,POMONA,-117.7368927,34.08834839
8933470,2019,9/10/2019,1925,8/27/2019,2046,27527,142,2,5,6,1925,0,0,0,,0,1,KENNETH RD,BRAND BL,39,W,N,A,-,N,,,,,,,,,,N,2,0,1,2,A,-,11,21954,A,F,G,B,E,A,H,-,C,D,0,Y,,,,Y,Y,N,60,1,0,0,0,1,0,0,0,0,- ,- ,,,LOS ANGELES,GLENDALE,-118.2553253,34.16808319
8933640,2019,9/12/2019,1900,8/10/2019,1400,620752,1124,6,5,6,1992,0,0,0,,0,111T1,AVENUE K-4,10TH ST WEST,14,E,N,A,-,N,,,,,,,,,,N,4,0,1,2,A,-,10,21950,A,N,G,B,B,A,H,-,A,A,0,Y,,,,Y,,A,1,0,0,1,0,1,0,0,0,0,- ,- ,,,LOS ANGELES,LANCASTER,-118.1478043,34.67116165
8933765,2019,9/25/2019,1942,8/7/2019,1150,40899,668,3,5,7,1942,0,0,0,F,0,6A79,LEXINGTON AV,SAINT ANDREWS PL,13,W,N,A,-,N,,,,,,,,,,N,3,0,1,2,A,-,10,21950,A,N,G,-,D,A,H,-,A,A,0,Y,,,Y,Y,,F,55,0,1,0,0,1,0,0,0,0,- ,- ,,,LOS ANGELES,LOS ANGELES,-118.3109512,34.09276962
8933878,2019,9/11/2019,1942,8/19/2019,1640,42810,886,1,5,7,1942,0,0,0,H,0,8A14,ROXBURY DR,PICO BL,0,,Y,A,-,N,,,,,,,,,,N,4,0,1,3,A,-,10,21950,A,N,G,B,B,A,H,-,A,A,0,Y,,,,Y,,A,7,0,0,1,0,1,0,0,0,0,- ,- ,,,LOS ANGELES,LOS ANGELES,-118.4021912,34.05398178
8933898,2019,9/11/2019,1942,8/21/2019,1815,37836,649,3,5,7,1942,0,0,0,F,0,6XL56,WINONA AV,SUNSET BL,120,N,N,A,-,N,,,,,,,,,,N,4,0,1,2,A,-,11,21954,A,N,G,B,E,A,H,-,A,D,0,Y,,,,Y,,N,60,0,0,1,0,1,0,0,0,0,- ,- ,,,LOS ANGELES,LOS ANGELES,-118.3021774,34.09844971
8934034,2019,9/13/2019,1942,7/26/2019,2200,42979,363,5,5,7,1942,0,0,0,C,0,3A63,SANTA ROSALIA AV,ABOURNE RD,150,E,N,F,-,N,,,,,,,,,,N,3,0,1,2,A,-,3,22350,,F,C,B,F,A,H,-,B,D,0,Y,,,,Y,,A,1,0,1,0,0,1,0,0,0,0,- ,- ,,,LOS ANGELES,LOS ANGELES,-118.3430557,34.01230621
8934165,2019,9/18/2019,1942,8/4/2019,2200,41752,377,7,5,7,1942,0,0,0,C,0,3A57,NORMANDIE AV,39TH ST,0,,Y,A,-,N,,,,,,,,,,N,3,0,1,2,A,-,11,21453,D,N,G,B,B,A,H,-,C,A,0,Y,,,,Y,Y,N,60,0,1,0,0,1,0,0,0,0,- ,- ,,,LOS ANGELES,LOS ANGELES,-118.3001709,34.01551819
8934190,2019,9/16/2019,1942,8/17/2019,815,39745,1824,6,5,7,1942,0,0,0,R,0,18A34,AVALON BL,E CENTURY BL,0,,Y,B,-,N,,,,,,,,,,N,4,0,1,2,A,-,10,21950,A,F,A,B,B,A,H,-,A,A,0,Y,,,,Y,,-,99,0,0,1,0,1,0,0,0,0,- ,- ,,,LOS ANGELES,LOS ANGELES,-118.2651825,33.94561005
8934238,2019,9/16/2019,1942,8/20/2019,150,31713,182,2,5,7,1942,0,0,0,A,0,1A61,S FLOWER ST,W 9TH ST,190,S,N,A,-,N,,,,,,,,,,N,3,0,1,2,A,-,21,22106,,N,G,B,E,A,H,-,C,D,0,Y,,Y,,Y,,C,6,0,1,0,0,1,0,0,0,0,- ,- ,,,LOS ANGELES,LOS ANGELES,-118.261795,34.0453949
8934281,2019,9/18/2019,1942,8/21/2019,730,40690,2033,3,5,7,1942,0,0,0,,0,20A53,WESTERN AV,INGRAHAM ST,0,,Y,A,-,N,,,,,,,,,,N,3,0,1,2,A,-,10,21950,A,N,G,B,B,A,H,-,A,A,0,Y,,,,Y,,A,1,0,1,0,0,1,0,0,0,0,- ,- ,,,LOS ANGELES,LOS ANGELES,-118.3090897,34.06069183
8934294,2019,9/18/2019,1942,8/22/2019,925,43936,1454,4,5,7,1942,0,0,0,N,0,14A67,LINCOLN BL,MINDANAO AV,0,,Y,A,-,N,,,,,,,,,,N,2,0,1,2,A,-,11,21456,B,N,G,B,B,A,H,-,A,A,0,Y,,,,Y,,N,60,1,0,0,0,1,0,0,0,0,- ,- ,,,LOS ANGELES,LOS ANGELES,-118.4390182,33.98054886
8934713,2019,12/11/2019,1962,7/28/2019,1352,128,1962,7,5,4,1962,0,0,0,,0,1,MISSION DR,BROADWAY,0,,Y,A,-,N,,,,,,,,,,N,4,0,1,2,A,-,10,21950,A,N,G,B,B,A,H,-,A,A,0,Y,,,,Y,,A,7,0,0,1,0,1,0,0,0,0,- ,- ,34.09923172,-118.1096573,LOS ANGELES,SAN GABRIEL,-118.1096497,34.09920883
8935194,2019,9/16/2019,1900,8/18/2019,2245,610204,2835,7,5,5,1915,0,0,0,,0,281E,WILMINGTON AV,ALONDRA BL,110,N,N,A,-,N,,,,,,,,,,N,3,0,1,3,A,-,11,21955,,F,G,B,D,A,H,-,C,D,0,Y,,,,Y,,N,60,0,1,0,0,1,0,0,0,0,- ,- ,,,LOS ANGELES,COMPTON,-118.237114,33.88887024
8936285,2019,2/12/2020,1929,8/15/2019,2138,173,SW,4,5,3,1929,0,0,0,,0,3,PACIFIC COAST HWY,4TH ST,6,S,N,A,-,Y,LA,7,1,-,-,20.831,I,5,S,N,3,0,1,2,A,-,6,21951,,N,G,B,B,A,H,-,C,A,0,Y,,,,Y,,A,1,0,1,0,0,1,0,0,0,0,- ,- ,,,LOS ANGELES,HERMOSA BEACH,-118.3911285,33.85787582
8936825,2019,9/17/2019,1942,7/12/2019,904,43792,1549,5,5,7,1942,0,0,0,O,0,15A39,CLYBOURN AV,W MAGNOLIA BL,5,E,N,A,-,N,,,,,,,,,,N,4,0,1,2,A,-,10,21950,A,N,G,B,C,A,H,-,A,A,0,Y,,,,Y,,A,1,0,0,1,0,1,0,0,0,0,- ,- ,,,LOS ANGELES,LOS ANGELES,-118.3548355,34.16520691
8936855,2019,10/8/2019,1942,8/29/2019,410,42473,VNYS9,4,5,7,1942,0,0,0,,0,901,FIRMAMENT AV,SHERMAN WY,300,S,N,A,-,N,,,,,,,,,,N,3,0,1,3,A,-,8,22107,,F,A,E,-,A,H,-,C,D,0,Y,,,,Y,,-,,0,1,0,0,1,0,0,0,0,- ,- ,,,LOS ANGELES,LOS ANGELES,-118.4724274,34.20028687
8937445,2019,9/16/2019,1942,8/18/2019,1935,40388,2107,7,5,7,1942,0,0,0,,0,21A5,ROSCOE BL,VARIEL AV,0,,Y,A,-,N,,,,,,,,,,N,3,0,1,2,A,-,10,21950,A,N,G,B,B,A,H,-,A,A,0,Y,,,,Y,,A,7,0,1,0,0,1,0,0,0,0,- ,- ,,,LOS ANGELES,LOS ANGELES,-118.5928879,34.21992874
8937446,2019,9/16/2019,1942,8/21/2019,2000,32774,1557,3,5,7,1942,0,0,0,O,0,15A67,VINELAND AV,PEACH GROVE ST,60,N,N,A,-,N,,,,,,,,,,N,3,0,1,2,A,-,11,21954,A,N,G,B,D,A,H,-,B,D,0,Y,,,,Y,,N,60,0,1,0,0,1,0,0,0,0,- ,- ,,,LOS ANGELES,LOS ANGELES,-118.3704605,34.1591835
8937752,2019,9/19/2019,1942,8/11/2019,600,43645,236,7,5,7,1942,0,0,0,B,0,2A91,ALVARADO ST,3RD ST,0,,Y,A,-,N,,,,,,,,,,N,3,0,1,2,A,-,11,21954,A,F,G,B,E,A,H,-,C,A,0,Y,,,,Y,Y,N,60,0,1,0,0,1,0,0,0,0,- ,- ,,,LOS ANGELES,LOS ANGELES,-118.2727127,34.06296158
8937763,2019,9/24/2019,1900,8/24/2019,1805,612439,631,6,5,6,1985,0,0,0,,0,61T1,ADONIS LN,SHANGRI LA DR,100,N,N,A,-,N,,,,,,,,,,N,3,0,1,2,A,-,11,21954,A,N,G,B,E,A,H,-,A,D,0,Y,,,,Y,,N,60,0,1,0,0,1,0,0,0,0,- ,- ,34.42269897,-118.4592972,LOS ANGELES,SANTA CLARITA,-118.4587936,34.42246246
8937792,2019,9/20/2019,1941,9/6/2019,1743,6321,,5,5,7,1941,0,0,0,,0,,HELLMAN ST,CERRITO AV,0,,Y,A,-,N,,,,,,,,,,N,4,0,1,2,A,-,11,21954,A,N,D,B,D,A,H,-,A,A,0,Y,,,,Y,,N,,0,0,1,0,1,0,0,0,0,- ,- ,,,LOS ANGELES,LONG BEACH,-118.1780472,33.77696991
8937943,2019,10/1/2019,1900,7/19/2019,2040,515235,1430,5,5,4,1937,0,0,0,,0,143T2E,WILLOW AV,NEVERS ST,34,N,N,A,-,N,,,,,,,,,,N,2,0,1,2,D,-,0,,,F,G,B,D,A,H,-,C,D,0,Y,,,,Y,,-,- ,1,0,0,0,1,0,0,0,0,- ,- ,34.05144119,-117.9734802,LOS ANGELES,LA PUENTE,-117.973526,34.0514183