CASE_ID,ACCIDENT_YEAR,PROC_DATE,JURIS,COLLISION_DATE,COLLISION_TIME,OFFICER_ID,REPORTING_DISTRICT,DAY_OF_WEEK,CHP_SHIFT,POPULATION,CNTY_CITY_LOC,SPECIAL_COND,BEAT_TYPE,CHP_BEAT_TYPE,CITY_DIVISION_LAPD,CHP_BEAT_CLASS,BEAT_NUMBER,PRIMARY_RD,SECONDARY_RD,DISTANCE,DIRECTION,INTERSECTION,WEATHER_1,WEATHER_2,STATE_HWY_IND,CALTRANS_COUNTY,CALTRANS_DISTRICT,STATE_ROUTE,ROUTE_SUFFIX,POSTMILE_PREFIX,POSTMILE,LOCATION_TYPE,RAMP_INTERSECTION,SIDE_OF_HWY,TOW_AWAY,COLLISION_SEVERITY,NUMBER_KILLED,NUMBER_INJURED,PARTY_COUNT,PRIMARY_COLL_FACTOR,PCF_CODE_OF_VIOL,PCF_VIOL_CATEGORY,PCF_VIOLATION,PCF_VIOL_SUBSECTION,HIT_AND_RUN,TYPE_OF_COLLISION,MVIW,PED_ACTION,ROAD_SURFACE,ROAD_COND_1,ROAD_COND_2,LIGHTING,CONTROL_DEVICE,CHP_ROAD_TYPE,PEDESTRIAN_ACCIDENT,BICYCLE_ACCIDENT,MOTORCYCLE_ACCIDENT,TRUCK_ACCIDENT,NOT_PRIVATE_PROPERTY,ALCOHOL_INVOLVED,STWD_VEHTYPE_AT_FAULT,CHP_VEHTYPE_AT_FAULT,COUNT_SEVERE_INJ,COUNT_VISIBLE_INJ,COUNT_COMPLAINT_PAIN,COUNT_PED_KILLED,COUNT_PED_INJURED,COUNT_BICYCLIST_KILLED,COUNT_BICYCLIST_INJURED,COUNT_MC_KILLED,COUNT_MC_INJURED,PRIMARY_RAMP,SECONDARY_RAMP,LATITUDE,LONGITUDE,COUNTY,CITY,POINT_X,POINT_Y
9002228,2019,2/15/2020,1976,12/4/2019,1455,498,1976,3,5,5,1976,0,0,0,,0,1,NORWALK BL,DORLAND ST,136,N,N,C,-,N,,,,,,,,,,N,2,0,1,2,A,-,11,21954,A,N,G,B,D,B,H,-,A,D,0,Y,,,,Y,,N,60,1,0,0,0,1,0,0,0,0,- ,- ,,,LOS ANGELES,WHITTIER,-118.0633774,33.99060059
9002490,2019,1/3/2020,1976,11/21/2019,1754,465,,4,5,5,1976,0,0,0,,0,,MAR VISTA ST,WASHINGTON AV,6,E,N,A,-,N,,,,,,,,,,N,3,0,1,2,A,-,10,21950,A,F,G,B,B,A,H,-,C,A,0,Y,,,,Y,,A,1,0,1,0,0,1,0,0,0,0,- ,- ,,,LOS ANGELES,WHITTIER,-118.0349579,33.97367096
9003644,2019,1/15/2020,1942,12/24/2019,640,41210,775,2,5,7,1942,0,0,0,G,0,27T24,VENICE BL,LONGWOOD AV,59,W,N,A,-,N,,,,,,,,,,N,2,0,1,2,A,-,11,21954,A,N,G,B,D,B,H,-,A,D,0,Y,,,,Y,,N,60,1,0,0,0,1,0,0,0,0,- ,- ,,,LOS ANGELES,LOS ANGELES,-118.3432083,34.0461998
9005356,2019,1/16/2020,1925,11/27/2019,1018,23811,195,3,5,6,1925,0,0,0,,0,1,GLENOAKS BL,WESTERN AV,3,E,N,C,-,N,,,,,,,,,,N,4,0,1,2,D,-,0,,,N,G,B,B,B,H,-,A,A,0,Y,,,,Y,,-,- ,0,0,1,0,1,0,0,0,0,- ,- ,,,LOS ANGELES,GLENDALE,-118.2897339,34.17105484
9005376,2019,1/15/2020,1920,11/18/2019,1929,13022,,1,5,6,1920,0,0,0,,0,1,LAKEWOOD BL,STEWART AND GRAY RD,0,,Y,A,-,N,,,,,,,,,,N,3,0,1,2,A,-,10,21950,,N,D,B,B,A,H,-,C,A,0,Y,,,,Y,,A,1,0,1,0,0,1,0,0,0,0,- ,- ,,,LOS ANGELES,DOWNEY,-118.1294937,33.92813873
9005417,2019,1/15/2020,1942,11/22/2019,1755,42111,1269,5,5,7,1942,0,0,0,L,0,12X42W,AVALON,80TH ST,0,,Y,A,-,N,,,,,,,,,,N,4,0,1,2,A,-,10,21950,A,N,A,B,B,A,H,-,B,A,0,Y,,,,Y,,-,99,0,0,1,0,1,0,0,0,0,- ,- ,,,LOS ANGELES,LOS ANGELES,-118.2651596,33.96646881
9005436,2019,1/15/2020,1920,11/5/2019,1501,13022,,2,5,6,1920,0,0,0,,0,6,DONOVAN ST,BLODGETT AV,116,E,N,A,-,N,,,,,,,,,,N,4,0,1,2,A,-,11,21954,A,N,G,B,D,A,H,-,A,A,0,Y,,,,Y,,N,60,0,0,1,0,1,0,0,0,0,- ,- ,,,LOS ANGELES,DOWNEY,-118.1365356,33.9211235
9005791,2019,8/27/2020,1947,12/28/2019,1844,SENNCAST,,6,5,5,1947,0,0,0,,0,00B,W LINCOLN AV,W WILCOX AV N,0,,Y,A,-,N,,,,,,,,,,N,3,0,1,2,A,-,10,21950,,N,G,B,B,A,A,-,C,A,0,Y,,,,Y,,-,,0,1,0,0,1,0,0,0,0,- ,- ,34.02428055,-118.121788,LOS ANGELES,MONTEBELLO,-118.1218109,34.0242691
9005950,2019,2/6/2020,1941,12/20/2019,2246,11366,901T,5,5,7,1941,0,0,0,,0,,10TH ST,ALAMITOS AV,0,,Y,A,-,N,,,,,,,,,,N,4,0,1,2,A,-,10,21950,A,N,G,B,B,A,H,-,C,A,0,Y,,,,Y,,A,,0,0,1,0,0,0,0,0,0,- ,- ,,,LOS ANGELES,LONG BEACH,-118.1790771,33.77898026
9005999,2019,2/11/2020,1900,12/9/2019,1600,622063,641,1,5,6,1985,0,0,0,,0,64T1,BARBACOA DR,GARZOTA DR,0,,Y,B,-,N,,,,,,,,,,N,3,0,1,2,A,-,10,21950,A,N,G,B,B,A,H,-,A,D,0,Y,,,,Y,,A,1,0,1,0,0,1,0,0,0,0,- ,- ,34.43719864,-118.5291977,LOS ANGELES,SANTA CLARITA,-118.5291824,34.43716049
9006872,2019,2/4/2020,1953,12/20/2019,933,344,1953,5,5,6,1953,0,0,0,,0,5,MENTOR AV,WALNUT ST,0,,Y,A,-,N,,,,,,,,,,N,3,0,1,2,A,-,8,22107,,N,G,B,B,A,H,-,A,A,0,Y,,,,Y,,A,1,0,1,0,0,1,0,0,0,0,- ,- ,,,LOS ANGELES,PASADENA,-118.1308823,34.14958954
9007399,2019,1/16/2020,1942,10/21/2019,2025,43658,239,1,5,7,1942,0,0,0,B,0,2A39,GLENDALE BL,ROCKWOOD ST,1950,N,N,A,-,N,,,,,,,,,,N,4,0,1,2,A,-,11,21955,,N,A,-,D,A,H,-,C,A,0,Y,,,,Y,,N,60,0,0,1,0,1,0,0,0,0,- ,- ,,,LOS ANGELES,LOS ANGELES,-118.26091,34.06829453
9007665,2019,2/1/2020,1942,12/4/2019,940,41446,646,3,5,7,1942,0,0,0,,0,6A15,HOLLYWOOD BL,IVAR AV,0,,Y,C,-,N,,,,,,,,,,N,4,0,1,2,A,-,10,21950,A,F,G,B,B,B,H,-,A,A,0,Y,,,,Y,,-,99,0,0,1,0,1,0,0,0,0,- ,- ,,,LOS ANGELES,LOS ANGELES,-118.3281479,34.10161972
9007685,2019,2/7/2020,1942,12/8/2019,1800,42344,1505,7,5,7,1942,0,0,0,O,0,15A3,VALERIO ST,BECK AV,127,W,N,B,-,N,,,,,,,,,,N,2,0,1,2,A,-,11,21954,A,F,G,B,D,A,H,-,C,D,0,Y,,,,Y,Y,N,60,1,0,0,0,1,0,0,0,0,- ,- ,,,LOS ANGELES,LOS ANGELES,-118.3838425,34.20481873
9007867,2019,2/20/2020,1942,12/5/2019,750,43909,914,4,5,7,1942,0,0,0,I,0,9A41-W,NOBLE AV,VANOWEN ST,0,,Y,A,-,N,,,,,,,,,,N,3,0,2,3,A,-,10,21950,A,N,G,B,B,A,H,-,A,A,0,Y,,,,Y,,A,1,0,2,0,0,2,0,0,0,0,- ,- ,,,LOS ANGELES,LOS ANGELES,-118.4618378,34.19393158
9007887,2019,2/19/2020,1942,12/5/2019,1600,36544,1985,4,5,7,1942,0,0,0,,0,,WILLIS AV,ROSCOE BL,0,,-,A,-,N,,,,,,,,,,N,4,0,1,2,A,-,3,22350,,F,G,B,D,A,H,-,A,D,0,Y,,,,Y,,-,99,0,0,1,0,1,0,0,0,0,- ,- ,,,LOS ANGELES,LOS ANGELES,-118.4553299,34.22148895
9007894,2019,2/19/2020,1942,12/3/2019,1735,37839,1444,2,5,7,1942,0,0,0,N,0,14A28,CARTER AV,WASHINGTON BL,5,S,N,A,-,N,,,,,,,,,,N,4,0,1,2,A,-,10,21950,,N,G,B,B,A,A,-,B,A,0,Y,,,,Y,,A,1,0,0,1,0,1,0,0,0,0,- ,- ,,,LOS ANGELES,LOS ANGELES,-118.4483185,33.99020767
9008003,2019,2/24/2020,1942,11/21/2019,800,43976,985,4,5,7,1942,0,0,0,,0,9A37,STANSBURY AV,GREENLEAF ST,0,,Y,A,-,N,,,,,,,,,,N,4,0,1,2,A,-,10,21950,A,N,G,B,B,A,H,-,A,D,0,Y,,,,Y,,-,- ,0,0,1,0,1,0,0,0,0,- ,- ,,,LOS ANGELES,LOS ANGELES,-118.4411697,34.14704895
9008004,2019,1/3/2020,1942,11/3/2019,1900,43402,1317,7,5,7,1942,0,0,0,M,0,13X71,NEWTON ST,ALAMEDA ST,60,W,N,A,-,N,,,,,,,,,,N,4,0,1,2,A,-,0,21954,,N,G,B,D,A,H,-,B,A,0,Y,,,,Y,,N,60,0,0,1,0,1,0,0,0,0,- ,- ,,,LOS ANGELES,LOS ANGELES,-118.2394104,34.0248909
9008011,2019,1/6/2020,1942,11/12/2019,1540,42029,915,2,5,7,1942,0,0,0,I,0,9A19,HART ST,HAZELTINE AV,0,,Y,A,-,N,,,,,,,,,,N,3,0,1,2,A,-,10,21950,A,N,G,B,B,A,H,-,A,A,0,Y,,,,Y,,A,1,0,1,0,0,1,0,0,0,0,- ,- ,,,LOS ANGELES,LOS ANGELES,-118.4399567,34.19754028
9008026,2019,1/6/2020,1942,11/18/2019,1725,35122,1467,1,5,7,1942,0,0,0,N,0,1.40E+26,CENTER DR,SOUTH PARK TERRACE DR,1130,E,N,A,-,N,,,,,,,,,,N,4,0,1,2,A,-,10,21950,A,N,G,B,D,A,H,-,E,-,0,Y,,,,Y,,A,1,0,0,1,0,1,0,0,0,0,- ,- ,,,LOS ANGELES,LOS ANGELES,-118.390007,33.97586441
9008070,2019,1/6/2020,1942,11/25/2019,1440,36553,1454,1,5,7,1942,0,0,0,N,0,14A45,MINDANAO WY,RT 90,300,S,N,A,-,N,,,,,,,,,,N,4,0,1,2,A,-,11,21956,A,N,G,B,E,A,H,-,A,D,0,Y,,,,Y,,N,60,0,0,1,0,1,0,0,0,0,- ,- ,,,LOS ANGELES,LOS ANGELES,-118.4382172,33.98214722
9008142,2019,12/31/2019,1942,11/18/2019,1144,43591,2189,1,5,7,1942,0,0,0,,0,21A42,VENTURA BL,WINNETKA,0,,-,A,-,N,,,,,,,,,,,4,0,1,2,A,-,21,22106,,N,G,B,F,A,H,-,A,D,0,Y,,,,Y,,A,1,0,0,1,0,1,0,0,0,0,- ,- ,,,LOS ANGELES,LOS ANGELES,-118.5709534,34.17097855
9008165,2019,2/8/2020,1941,12/8/2019,1250,11004,,7,5,7,1941,0,0,0,,0,,ATLANTIC AV,N 36TH ST,276,N,N,C,-,N,,,,,,,,,,N,2,0,1,2,A,-,11,21955,,N,G,B,D,B,H,-,A,D,0,Y,,,,Y,,N,,1,0,0,0,1,0,0,0,0,- ,- ,,,LOS ANGELES,LONG BEACH,-118.1850281,33.82289505
9008555,2019,12/26/2019,1942,11/1/2019,1840,43735,2148,5,5,7,1942,0,0,0,,0,21A42,SHERMAN WY,COZYCROFT AV,0,,Y,A,-,N,,,,,,,,,,N,2,0,1,2,A,-,11,21950,B,N,G,B,D,A,-,-,C,A,0,Y,,,,Y,,N,60,1,0,0,0,1,0,0,0,0,- ,- ,,,LOS ANGELES,LOS ANGELES,-118.5819092,34.20111847
9008761,2019,2/6/2020,1942,12/10/2019,1350,41376,733,2,5,7,1942,0,0,0,,0,7A33,WILSHIRE BL,HAUSER BL,0,,Y,A,-,N,,,,,,,,,,N,4,0,1,2,A,-,12,21453,A,N,G,C,B,A,H,-,A,A,0,Y,,,,Y,,A,1,0,0,1,0,1,0,0,0,0,- ,- ,,,LOS ANGELES,LOS ANGELES,-118.3514404,34.0623703
9008767,2019,2/5/2020,1942,12/11/2019,1610,41671,853,3,5,7,1942,0,0,0,H,0,8A53,IOWA AV,BUTLER AV,182,E,N,A,-,N,,,,,,,,,,Y,2,0,1,2,A,-,11,21954,A,N,G,B,D,A,H,-,A,D,0,Y,,,,Y,,N,60,1,0,0,0,1,0,0,0,0,- ,- ,,,LOS ANGELES,LOS ANGELES,-118.4498138,34.04393768
9008798,2019,2/5/2020,1942,12/6/2019,1325,38947,1793,5,5,7,1942,0,0,0,Q,0,17A67,PARTHENIA ST,VANALDEN AV,450,E,N,C,-,N,,,,,,,,,,N,3,0,1,2,A,-,11,21954,A,N,G,B,D,B,H,-,A,D,0,Y,,,,Y,,N,60,0,1,0,0,1,0,0,0,0,- ,- ,,,LOS ANGELES,LOS ANGELES,-118.5477219,34.22824478
9008799,2019,2/5/2020,1942,12/11/2019,740,39280,351,3,5,7,1942,0,0,0,,0,3A31,IBAMA BL,FARMDALE AV,0,,Y,A,-,N,,,,,,,,,,N,4,0,1,2,A,-,9,21801,A,N,G,B,B,A,H,-,A,A,0,Y,,,,Y,,A,1,0,0,1,0,1,0,0,0,0,- ,- ,,,LOS ANGELES,LOS ANGELES,-118.34605,34.02148
9008809,2019,2/5/2020,1942,12/13/2019,1730,37468,2071,5,5,7,1942,0,0,0,,0,20A16,VENICE BL,GRAMERCY PL,0,,Y,A,-,N,,,,,,,,,,N,3,0,1,2,A,-,10,21950,A,N,G,B,D,A,H,-,D,D,0,Y,,,,Y,,-,- ,0,1,0,0,1,0,0,0,0,- ,- ,,,LOS ANGELES,LOS ANGELES,-118.3130417,34.04356003
9008878,2019,2/5/2020,1942,12/12/2019,1555,37966,2056,4,5,7,1942,0,0,0,,0,20A97,NEW HAMPSHIRE AV,PICO BL,0,,Y,A,-,N,,,,,,,,,,N,4,0,1,2,A,-,10,21950,A,N,G,B,B,A,H,-,A,A,0,Y,,,,Y,,A,7,0,0,1,0,1,0,0,0,0,- ,- ,,,LOS ANGELES,LOS ANGELES,-118.2926102,34.04727173
9009097,2019,1/2/2020,1942,11/10/2019,2155,43636,632,7,5,7,1942,0,0,0,F,0,6A31,SUNSET BL,CRESCENT HEIGHTS,0,,Y,A,-,N,,,,,,,,,,N,4,0,1,2,A,-,3,22350,,N,G,B,B,A,H,-,C,A,0,Y,,,,Y,,A,1,0,0,1,0,1,0,0,0,0,- ,- ,,,LOS ANGELES,LOS ANGELES,-118.3656921,34.0979805
9009101,2019,1/2/2020,1942,11/13/2019,1745,38510,647,3,5,7,1942,0,0,0,F,0,20A16,CARLTON WY,BRONSON AV,0,,Y,A,-,N,,,,,,,,,,N,4,0,1,2,A,-,10,21950,A,N,G,B,B,A,H,-,D,A,0,Y,,,,Y,,A,1,0,0,1,0,1,0,0,0,0,- ,- ,,,LOS ANGELES,LOS ANGELES,-118.3179932,34.10046005
9009103,2019,12/31/2019,1942,11/18/2019,1030,34244,1767,1,5,7,1942,0,0,0,Q,0,17A67,VINCENNES ST,RESEDA BL,0,,-,A,-,N,,,,,,,,,,N,4,0,1,2,A,-,10,21950,,N,B,B,B,A,H,-,A,A,0,Y,,,,Y,,A,1,0,0,1,0,1,0,0,0,0,- ,- ,,,LOS ANGELES,LOS ANGELES,-118.5360794,34.24094009
9009560,2019,2/19/2020,1926,12/20/2019,2039,100,2,5,5,5,1926,0,0,0,,0,2,GLADSTONE ST,BONNIE COVE AV,0,,Y,A,-,N,,,,,,,,,,N,3,0,1,2,D,-,0,,,N,G,B,B,A,H,-,C,A,0,Y,,,,Y,,-,- ,0,1,0,0,1,0,0,0,0,- ,- ,,,LOS ANGELES,GLENDORA,-117.8550797,34.11394882
9009910,2019,1/8/2020,1942,9/10/2019,2315,42169,525,2,5,7,1942,0,0,0,E,0,5X26,GULF AV,ANAHEIM ST,0,,Y,A,-,N,,,,,,,,,,N,3,0,1,2,A,-,12,22450,,F,G,B,D,A,H,-,C,A,0,Y,,,,Y,Y,-,99,0,1,0,0,1,0,0,0,0,- ,- ,,,LOS ANGELES,LOS ANGELES,-118.2729034,33.77941132
9009965,2019,2/7/2020,1942,12/4/2019,1150,38365,363,3,5,7,1942,0,0,0,C,0,25T43,MARTIN LUTHER KING BL,MARLTON AV,596,E,N,C,-,N,,,,,,,,,,N,2,0,1,2,A,-,11,21954,A,F,G,B,D,B,H,-,A,D,0,Y,,,,Y,,N,60,1,0,0,0,1,0,0,0,0,- ,- ,,,LOS ANGELES,LOS ANGELES,-118.3361511,34.01141357
9009978,2019,1/2/2020,1942,11/12/2019,1800,SUNG,487,2,5,7,1942,0,0,0,,0,4A3,8TH ST,EUCLID AV,8,E,N,A,-,N,,,,,,,,,,N,4,0,1,2,A,-,8,22107,,N,G,B,B,A,H,-,C,D,0,Y,,,,Y,,A,1,0,0,1,0,1,0,0,0,0,- ,- ,,,LOS ANGELES,LOS ANGELES,-118.211235,34.02447891
9011102,2019,2/19/2020,1942,12/12/2019,1445,37059,159,4,5,7,1942,0,0,0,A,0,1X27,MATEO ST,7TH ST,135,N,N,A,-,N,,,,,,,,,,N,3,0,1,2,A,-,11,21956,A,N,G,B,D,A,H,-,-,D,0,Y,,,,Y,,N,60,0,1,0,0,1,0,0,0,0,- ,- ,,,LOS ANGELES,LOS ANGELES,-118.232338,34.03496933
9011161,2019,2/14/2020,1941,12/10/2019,2114,11356,,2,5,7,1941,0,0,0,,0,,PACIFIC AV,21ST ST,0,,Y,A,-,N,,,,,,,,,,N,2,0,1,2,A,-,11,21453,D,N,A,B,B,A,H,-,C,A,0,Y,,,,Y,,N,,1,0,0,0,1,0,0,0,0,- ,- ,,,LOS ANGELES,LONG BEACH,-118.1937714,33.79529953
9011169,2019,2/27/2020,1941,12/12/2019,738,5795,,4,5,7,1941,0,0,0,,0,,10TH ST,LONG BEACH BL,0,,Y,A,-,N,,,,,,,,,,N,4,0,1,2,A,-,10,21950,A,N,-,B,B,A,H,-,A,A,0,Y,,,Y,Y,,N,,0,0,1,0,1,0,0,0,0,- ,- ,,,LOS ANGELES,LONG BEACH,-118.1894836,33.77896881
9012070,2019,7/13/2020,1942,12/25/2019,1801,39097,314,3,5,7,1942,0,0,0,C,0,5A24,PACIFIC COAST HWY,WILMINGTON BL,0,,Y,B,-,Y,LA,7,1,-,-,11.208,I,5,N,N,4,0,1,2,D,-,0,,,N,G,B,B,A,H,-,C,A,0,Y,,,,Y,,-,- ,0,0,1,0,1,0,0,0,0,- ,- ,,,LOS ANGELES,LOS ANGELES,-118.2750931,33.79059219
9012656,2019,12/31/2019,1901,11/25/2019,814,248,11,1,5,5,1901,0,0,0,,0,2,GARFIELD,SAN MARINO,0,,Y,A,-,N,,,,,,,,,,N,3,0,1,2,A,-,10,21950,A,N,G,B,B,A,H,-,A,A,0,Y,,,,Y,,A,1,0,1,0,0,1,0,0,0,0,- ,- ,,,LOS ANGELES,ALHAMBRA,-118.1230698,34.0827713
9013010,2019,2/15/2020,1942,10/26/2019,149,41054,256,6,5,7,1942,0,0,0,B,0,6D239,7TH ST,BONNIE BRAE ST,120,E,N,A,-,N,,,,,,,,,,N,2,0,1,2,C,-,18,,,N,G,B,F,A,H,-,E,D,0,Y,,,,Y,,-,- ,1,0,0,0,1,0,0,0,0,- ,- ,,,LOS ANGELES,LOS ANGELES,-118.2742233,34.05529022
9013553,2019,1/13/2020,1942,11/28/2019,2145,39508,467,4,5,7,1942,0,0,0,D,0,4A71,EAST 2ND ST,S MOTT ST,6,E,N,C,-,N,,,,,,,,,,N,4,0,1,2,A,-,10,21950,A,N,A,B,B,B,H,-,C,A,0,Y,,,,Y,,A,1,0,0,1,0,1,0,0,0,0,- ,- ,,,LOS ANGELES,LOS ANGELES,-118.207016,34.04050064
9013557,2019,1/13/2020,1942,11/22/2019,2155,39395,491,5,5,7,1942,0,0,0,D,0,4A97,E OLYMPIC BL,S SOTO ST,58,W,N,A,-,N,,,,,,,,,,Y,3,0,2,2,A,-,11,21954,A,F,B,-,E,A,H,-,C,D,0,Y,,,,Y,,N,60,0,2,0,0,1,0,0,0,0,- ,- ,,,LOS ANGELES,LOS ANGELES,-118.2200165,34.0243454
9013728,2019,2/14/2020,1942,12/19/2019,2025,42296,1008,4,5,7,1942,0,0,0,J,0,10A39,WOODLEY AV,STAGG ST,0,,Y,A,-,N,,,,,,,,,,Y,2,0,1,2,D,-,0,,,F,G,B,B,A,H,-,C,D,0,Y,,,,Y,,-,- ,1,0,0,0,1,0,0,0,0,- ,- ,,,LOS ANGELES,LOS ANGELES,-118.4836807,34.21274948
9014001,2019,2/19/2020,1900,12/13/2019,602,600129,532,5,5,5,1959,0,0,0,,0,53T1AM,DEL MAR AV,HERSHEY ST,8,S,N,A,-,N,,,,,,,,,,N,3,0,1,2,A,-,10,21950,A,F,G,B,D,A,H,-,B,D,0,Y,,,,Y,,A,1,0,1,0,0,1,0,0,0,0,- ,- ,34.06861877,-118.0995712,LOS ANGELES,ROSEMEAD,-118.0995483,34.06891632
9014075,2019,1/10/2020,1976,11/25/2019,1334,893,,1,5,5,1976,0,0,0,,0,2,PICKERING AV,MAR VISTA ST,6,S,N,A,-,N,,,,,,,,,,N,4,0,1,2,A,-,10,21950,A,N,G,B,B,A,H,-,A,A,0,Y,,,,Y,,A,7,0,0,1,0,1,0,0,0,0,- ,- ,,,LOS ANGELES,WHITTIER,-118.0420532,33.97366333
9014188,2019,2/10/2020,1942,12/18/2019,705,42658,1504,3,5,7,1942,0,0,0,O,0,15A33,SIMPSON AV,COHASSET ST,0,,-,A,-,N,,,,,,,,,,N,3,0,1,2,B,-,22,,,N,G,B,D,A,H,-,A,D,0,Y,,,,Y,,D,22,0,1,0,0,1,0,0,0,0,- ,- ,,,LOS ANGELES,LOS ANGELES,-118.389061,34.20674133
9014331,2019,1/16/2020,1942,11/14/2019,1020,38326,1545,4,5,7,1942,0,0,0,O,0,15A43,BURBANK BL,LAUREL CANYON BL,10,E,N,A,-,N,,,,,,,,,,N,4,0,1,2,A,-,10,21950,A,N,-,B,B,A,H,-,A,A,0,Y,,,,Y,,A,1,0,0,1,0,1,0,0,0,0,- ,- ,,,LOS ANGELES,LOS ANGELES,-118.3964767,34.17213058
9014670,2019,12/26/2019,1972,11/20/2019,1842,20987,,3,5,6,1972,0,0,0,,0,,SEPULVEDA BL,ARLINGTON AV,14,W,N,B,-,N,,,,,,,,,,N,3,0,1,2,A,-,10,21950,A,N,G,B,B,A,H,-,C,A,0,Y,,,,Y,,A,,0,1,0,0,1,0,0,0,0,- ,- ,,,LOS ANGELES,TORRANCE,-118.3197937,33.82011032
9014715,2019,2/11/2020,1942,12/2/2019,2200,41072,393,1,5,7,1942,0,0,0,C,0,3A73,CRENSHAW BL,W 43RD PL,233,N,N,A,-,N,,,,,,,,,,N,2,0,1,2,A,-,11,21954,A,F,G,B,E,A,D,-,C,A,0,Y,,,,Y,,N,60,1,0,0,0,1,0,0,0,0,- ,- ,,,LOS ANGELES,LOS ANGELES,-118.333046,34.00452805
9014803,2019,2/8/2020,1941,12/12/2019,814,11029,,4,5,7,1941,0,0,0,,0,,DEL AMO BL,GARDENIA AV,241,W,N,A,-,N,,,,,,,,,,Y,2,0,1,2,A,-,11,21955,,N,G,B,D,A,H,-,A,D,0,Y,,,,Y,,N,,1,0,0,0,1,0,0,0,0,- ,- ,,,LOS ANGELES,LONG BEACH,-118.1700211,33.84703064
9014839,2019,2/8/2020,1941,12/11/2019,627,11246,,3,5,7,1941,0,0,0,,0,,REDONDO AV,ANAHEIM ST,0,,Y,A,-,N,,,,,,,,,,N,4,0,1,2,A,-,10,21950,A,N,A,B,B,A,H,-,B,A,0,Y,,,,Y,,A,,0,0,1,0,1,0,0,0,0,- ,- ,,,LOS ANGELES,LONG BEACH,-118.15242,33.7826004
9014907,2019,2/10/2020,1942,12/8/2019,1640,34426,142,7,5,7,1942,0,0,0,N,0,1A41,HILL ST,4TH ST,0,,N,-,-,N,,,,,,,,,,N,4,0,1,2,A,I,- ,,,F,-,-,F,-,-,-,-,-,0,Y,Y,,,Y,,L,4,0,0,1,0,1,0,0,0,0,- ,- ,,,LOS ANGELES,LOS ANGELES,-118.2504272,34.05023193
9014942,2019,6/19/2020,1942,12/1/2019,2304,39395,153,7,5,7,1942,0,0,0,O,0,1A41,S SPRING ST,W 6TH ST,50,S,N,A,-,N,,,,,,,,,,N,4,0,1,2,A,-,21,22106,,F,G,B,E,A,H,-,C,D,0,Y,,,,Y,,-,99,0,0,1,0,1,0,0,0,0,- ,- ,,,LOS ANGELES,LOS ANGELES,-118.251091,34.04585266
9014947,2019,6/16/2020,1942,12/11/2019,1315,40730,138,3,5,7,1942,0,0,0,M,0,1A29,WALL ST,BOYD ST,18,N,N,A,-,N,,,,,,,,,,N,3,0,2,2,A,-,3,22350,,F,G,B,F,A,H,-,A,D,0,Y,,,,Y,,A,1,0,2,0,0,1,0,0,0,0,- ,- ,,,LOS ANGELES,LOS ANGELES,-118.2442322,34.04723358
9015234,2019,2/14/2020,1942,12/13/2019,815,39280,1801,5,5,7,1942,0,0,0,R,0,18A1,DENVER AV,87TH ST WEST,5,E,N,A,-,N,,,,,,,,,,N,4,0,1,2,D,-,0,,,N,G,B,B,A,H,-,A,A,0,Y,,,,Y,,-,- ,0,0,1,0,1,0,0,0,0,- ,- ,,,LOS ANGELES,LOS ANGELES,-118.2838898,33.95872116
9015250,2019,1/6/2020,1942,10/28/2019,1630,44021,1822,1,5,7,1942,0,0,0,R,0,18A03,CENTURY BL,GRANDEE,0,,Y,A,-,N,,,,,,,,,,N,4,0,1,2,A,-,10,21950,,N,G,B,B,A,H,-,A,A,0,Y,,,,Y,,A,1,0,0,1,0,1,0,0,0,0,- ,- ,,,LOS ANGELES,LOS ANGELES,-118.2434692,33.94573975
9015295,2019,2/18/2020,1900,12/12/2019,602,624035,2117,4,5,5,1943,0,0,0,,0,212K,MARTIN LUTHER KING JR BL,CESAR CHAVEZ LN,0,,Y,A,-,N,,,,,,,,,,N,2,0,1,2,A,-,10,21950,A,N,G,B,B,B,-,-,B,A,0,Y,,,,Y,,N,60,1,0,0,0,1,0,0,0,0,- ,- ,,,LOS ANGELES,LYNWOOD,-118.201239,33.929316
9015632,2019,2/11/2020,1941,12/16/2019,937,5661,,1,5,7,1941,0,0,0,,0,,ANAHEIM ST,OBISPO AV,26,E,N,A,-,N,,,,,,,,,,N,3,0,1,2,D,-,0,,,N,A,B,E,A,H,-,A,A,0,Y,,,,Y,,-,- ,0,1,0,0,1,0,0,0,0,- ,- ,,,LOS ANGELES,LONG BEACH,-118.1545029,33.7826004
9015752,2019,2/26/2020,1942,11/29/2019,1710,40008,491,5,5,7,1942,0,0,0,D,0,4A97,S SOTO ST,OLYMPIC BL,100,N,N,A,-,N,,,,,,,,,,N,2,0,1,2,A,-,11,21954,A,N,G,B,D,A,H,-,C,D,0,Y,,,,Y,Y,N,60,1,0,0,0,1,0,0,0,0,- ,- ,,,LOS ANGELES,LOS ANGELES,-118.2198257,34.02454376
9017713,2019,2/11/2020,1925,12/30/2019,2047,28124,2,1,5,6,1925,0,0,0,,0,223,DORAN ST,BRAND BL,17,E,N,A,-,N,,,,,,,,,,Y,2,0,1,2,A,-,8,22100,A,F,G,B,B,A,H,-,C,A,0,Y,,,,Y,,A,1,1,0,0,0,1,0,0,0,0,- ,- ,,,LOS ANGELES,GLENDALE,-118.2551117,34.15465164