CASE_ID,ACCIDENT_YEAR,PROC_DATE,JURIS,COLLISION_DATE,COLLISION_TIME,OFFICER_ID,REPORTING_DISTRICT,DAY_OF_WEEK,CHP_SHIFT,POPULATION,CNTY_CITY_LOC,SPECIAL_COND,BEAT_TYPE,CHP_BEAT_TYPE,CITY_DIVISION_LAPD,CHP_BEAT_CLASS,BEAT_NUMBER,PRIMARY_RD,SECONDARY_RD,DISTANCE,DIRECTION,INTERSECTION,WEATHER_1,WEATHER_2,STATE_HWY_IND,CALTRANS_COUNTY,CALTRANS_DISTRICT,STATE_ROUTE,ROUTE_SUFFIX,POSTMILE_PREFIX,POSTMILE,LOCATION_TYPE,RAMP_INTERSECTION,SIDE_OF_HWY,TOW_AWAY,COLLISION_SEVERITY,NUMBER_KILLED,NUMBER_INJURED,PARTY_COUNT,PRIMARY_COLL_FACTOR,PCF_CODE_OF_VIOL,PCF_VIOL_CATEGORY,PCF_VIOLATION,PCF_VIOL_SUBSECTION,HIT_AND_RUN,TYPE_OF_COLLISION,MVIW,PED_ACTION,ROAD_SURFACE,ROAD_COND_1,ROAD_COND_2,LIGHTING,CONTROL_DEVICE,CHP_ROAD_TYPE,PEDESTRIAN_ACCIDENT,BICYCLE_ACCIDENT,MOTORCYCLE_ACCIDENT,TRUCK_ACCIDENT,NOT_PRIVATE_PROPERTY,ALCOHOL_INVOLVED,STWD_VEHTYPE_AT_FAULT,CHP_VEHTYPE_AT_FAULT,COUNT_SEVERE_INJ,COUNT_VISIBLE_INJ,COUNT_COMPLAINT_PAIN,COUNT_PED_KILLED,COUNT_PED_INJURED,COUNT_BICYCLIST_KILLED,COUNT_BICYCLIST_INJURED,COUNT_MC_KILLED,COUNT_MC_INJURED,PRIMARY_RAMP,SECONDARY_RAMP,LATITUDE,LONGITUDE,COUNTY,CITY,POINT_X,POINT_Y
8779425,2019,2/11/2019,1942,1/3/2019,1930,42281,1801,4,5,7,1942,0,0,0,R,0,18A1,W 88TH ST,E VERMONT AV,20,W,N,A,-,N,,,,,,,,,,N,3,0,1,2,A,-,10,21950,,F,G,B,B,A,H,-,B,A,0,Y,,,,Y,,-,99,0,1,0,0,1,0,0,0,0,- ,- ,,,LOS ANGELES,LOS ANGELES,-118.291687,33.95793915
8779430,2019,2/11/2019,1942,1/25/2019,1810,39735,375,5,5,7,1942,0,0,0,C,0,3A98,MARTIN LUTHER KING JR BL,GRAMERCY PL,35,W,N,A,-,N,,,,,,,,,,N,4,0,1,2,D,-,0,,,N,G,B,D,A,H,-,D,D,0,Y,,,,Y,,-,- ,0,0,1,0,1,0,0,0,0,- ,- ,,,LOS ANGELES,LOS ANGELES,-118.3139648,34.01084137
8779438,2019,2/11/2019,1942,1/10/2019,2300,38090,635,4,5,7,1942,0,0,0,F,0,6A31,N HIGHLAND AV,ODIN ST,30,S,N,A,-,N,,,,,,,,,,N,4,0,1,2,A,-,11,21955,,N,G,B,D,A,H,-,C,A,0,Y,,,,Y,,N,60,0,0,1,0,1,0,0,0,0,- ,- ,,,LOS ANGELES,LOS ANGELES,-118.3364563,34.1098175
8783755,2019,2/2/2019,1942,1/10/2019,920,37724,1802,4,5,7,1942,0,0,0,R,0,18A1,W MANCHESTER AV,BROADWAY,110,E,N,A,-,N,,,,,,,,,,N,2,0,1,2,A,-,11,21955,,N,G,B,C,A,H,-,A,A,0,Y,,,,Y,,N,60,1,0,0,0,1,0,0,0,0,- ,- ,,,LOS ANGELES,LOS ANGELES,-118.277916,33.96007919
8783858,2019,2/4/2019,1900,1/18/2019,1506,610418,1131,5,5,6,1992,0,0,0,,0,111T1,5TH ST EAST,AVENUE H-11,212,S,N,A,-,N,,,,,,,,,,N,3,0,1,2,A,-,11,21950,B,N,G,B,D,A,H,-,A,D,0,Y,,,,Y,,N,60,0,1,0,0,1,0,0,0,0,- ,- ,,,LOS ANGELES,LANCASTER,-118.1215134,34.7081871
8784142,2019,2/13/2019,1942,1/8/2019,1645,42611,739,2,5,7,1942,0,0,0,G,0,7A85,6TH ST,LUCERNE BL,0,,Y,-,-,N,,,,,,,,,,N,3,0,1,2,A,-,10,21950,A,N,G,B,B,C,A,-,A,A,0,Y,,,,Y,,D,22,0,1,0,0,1,0,0,0,0,- ,- ,,,LOS ANGELES,LOS ANGELES,-118.3243713,34.06364059
8784485,2019,2/13/2019,1942,1/11/2019,1040,35945,639,5,5,7,1942,0,0,0,F,0,6A49,NORMANDIE AV,FRANKLIN AV,0,,Y,A,-,N,,,,,,,,,,N,3,0,1,2,A,-,10,21950,A,N,G,B,B,A,H,-,A,A,0,Y,,,,Y,,A,1,0,1,0,0,1,0,0,0,0,- ,- ,,,LOS ANGELES,LOS ANGELES,-118.3005676,34.10538101
8784486,2019,2/13/2019,1942,1/9/2019,1040,39655,855,3,5,7,1942,0,0,0,H,0,8A35,VETERAN AV,SANTA MONICA BL,0,,Y,A,-,N,,,,,,,,,,N,4,0,1,2,A,-,10,21950,A,F,G,B,B,A,H,-,A,A,0,Y,,,,Y,,-,99,0,0,1,0,1,0,0,0,0,- ,- ,,,LOS ANGELES,LOS ANGELES,-118.4401321,34.04891968
8784490,2019,2/13/2019,1942,1/8/2019,23,40014,729,2,5,7,1942,0,0,0,G,0,7A17,BEVERLY BL,LA BREA AV,0,,Y,A,-,N,,,,,,,,,,N,4,0,1,2,A,-,10,21950,A,N,G,B,B,A,H,-,C,A,0,Y,,,,Y,,A,7,0,0,1,0,1,0,0,0,0,- ,- ,,,LOS ANGELES,LOS ANGELES,-118.3440399,34.07617188
8784497,2019,2/13/2019,1942,1/27/2019,1750,42799,762,7,5,7,1942,0,0,0,G,0,7A22,PICO BL,HI POINT ST,0,,Y,A,-,N,,,,,,,,,,N,2,0,1,2,A,-,10,21950,A,N,G,B,B,A,H,-,C,D,0,Y,,,,Y,,A,7,1,0,0,0,1,0,0,0,0,- ,- ,,,LOS ANGELES,LOS ANGELES,-118.3689804,34.05195999
8784502,2019,2/13/2019,1942,1/23/2019,1011,43550,702,3,5,7,1942,0,0,0,G,0,7A47,MELROSE AV,MARTEL AV,0,,Y,A,-,N,,,,,,,,,,N,3,0,1,2,A,-,10,21950,A,N,G,B,B,A,H,-,A,A,0,Y,,,,Y,,A,1,0,1,0,0,1,0,0,0,0,- ,- ,,,LOS ANGELES,LOS ANGELES,-118.3511429,34.08359909
8784558,2019,2/13/2019,1942,1/15/2019,1720,42458,663,2,5,7,1942,0,0,0,F,0,6A66,FOUNTAIN AV,LAS PALMAS AV,0,,Y,C,-,N,,,,,,,,,,N,4,0,1,2,A,-,9,21802,A,N,A,B,B,B,H,-,C,D,0,Y,,,,Y,,A,1,0,0,1,0,1,0,0,0,0,- ,- ,,,LOS ANGELES,LOS ANGELES,-118.336319,34.09437943
8784635,2019,2/14/2019,1942,1/5/2019,718,31152,247,6,5,7,1942,0,0,0,B,0,2A47,3RD ST,UNION PL,5,W,N,B,-,N,,,,,,,,,,N,4,0,1,2,A,-,10,21950,A,N,G,B,B,A,H,-,A,A,0,Y,,,,Y,,A,1,0,0,1,0,1,0,0,0,0,- ,- ,,,LOS ANGELES,LOS ANGELES,-118.2672424,34.06060791
8784639,2019,2/14/2019,1942,1/16/2019,800,40193,248,3,5,7,1942,0,0,0,B,0,2A45,W 3RD ST,LOMA DR,0,,Y,B,C,N,,,,,,,,,,N,4,0,1,2,A,-,12,21453,A,N,G,B,B,B,H,-,A,A,0,Y,,,,Y,,A,8,0,0,1,0,1,0,0,0,0,- ,- ,,,LOS ANGELES,LOS ANGELES,-118.2655716,34.05989838
8785371,2019,3/8/2019,1942,1/4/2019,800,38819,513,5,5,7,1942,0,0,0,E,0,5A1,PACIFIC COAST HWY,BELLE PORTE AV,0,,Y,A,-,N,,,,,,,,,,N,4,0,1,2,A,-,10,21950,A,N,G,B,B,A,H,-,A,A,0,Y,,,,Y,,A,1,0,0,1,0,1,0,0,0,0,- ,- ,,,LOS ANGELES,LOS ANGELES,-118.3012009,33.78944016
8785616,2019,2/5/2019,1920,1/5/2019,1939,13118,1920,6,5,6,1920,0,0,0,,0,1,FIRESTONE BL,LAKEWOOD BL,0,,Y,C,-,N,,,,,,,,,,N,3,0,1,2,D,-,0,,,N,G,B,B,B,H,-,C,A,0,Y,,,,Y,,-,- ,0,1,0,0,1,0,0,0,0,- ,- ,,,LOS ANGELES,DOWNEY,-118.1240234,33.93553162
8785624,2019,2/5/2019,1900,1/10/2019,2109,542244,2820,4,5,5,1915,0,0,0,,0,283T1,SANTA FE AV,EL SEGUNDO BL,25,S,N,A,-,N,,,,,,,,,,N,4,0,1,2,A,-,21,22106,,N,G,B,-,A,H,-,B,A,0,Y,,,,Y,,A,8,0,0,1,0,1,0,0,0,0,- ,- ,,,LOS ANGELES,COMPTON,-118.2175217,33.91674042
8785632,2019,2/5/2019,1900,1/3/2019,2130,618828,612,4,5,6,1985,0,0,0,,0,61T1,JAKES WY,PALO VERDE PL,0,,Y,A,-,N,,,,,,,,,,N,3,0,1,2,D,-,0,,,F,G,B,D,A,H,-,C,D,0,Y,,,,Y,,-,- ,0,1,0,0,1,0,0,0,0,- ,- ,34.40987015,-118.4530029,LOS ANGELES,SANTA CLARITA,-118.4534836,34.4098587
8785848,2019,2/4/2019,1941,1/3/2019,1517,11139,,4,5,7,1941,0,0,0,,0,901T,ATLANTIC AV,ROOSEVELT RD,0,,Y,A,-,N,,,,,,,,,,N,4,0,1,2,A,-,10,21950,A,N,D,B,B,A,H,-,A,A,0,Y,,,,Y,,A,,0,0,1,0,1,0,0,0,0,- ,- ,,,LOS ANGELES,LONG BEACH,-118.1850815,33.82894897
8785860,2019,2/4/2019,1941,1/16/2019,1613,3254,,3,5,7,1941,0,0,0,,0,901T,ATLANTIC AV,SAN ANTONIO DR,0,,Y,A,-,N,,,,,,,,,,N,3,0,1,2,A,-,10,21950,A,N,H,B,B,B,H,-,B,A,0,Y,,,,Y,,A,,0,1,0,0,1,0,0,0,0,- ,- ,,,LOS ANGELES,LONG BEACH,-118.1850662,33.8368988
8785868,2019,2/4/2019,1942,1/16/2019,2130,40141,1925,3,5,7,1942,0,0,0,,0,19A1,BEAVER ST,BRADLEY AV,6,E,N,C,-,N,,,,,,,,,,N,2,0,1,2,A,-,10,21950,A,F,G,B,B,B,H,-,D,D,0,Y,,,,Y,,-,99,1,0,0,0,1,0,0,0,0,- ,- ,,,LOS ANGELES,LOS ANGELES,-118.4469757,34.29556274
8785876,2019,2/4/2019,1941,1/14/2019,708,11201,,1,5,7,1941,0,0,0,,0,901T,LONG BEACH BL,ARTESIA BL,11,N,N,C,-,N,,,,,,,,,,N,4,0,1,2,A,-,10,21950,A,N,D,B,B,B,H,-,A,A,0,Y,,,,Y,,A,,0,0,1,0,1,0,0,0,0,- ,- ,,,LOS ANGELES,LONG BEACH,-118.2027969,33.87438965
8785892,2019,2/4/2019,1941,1/3/2019,1358,11226,,4,5,7,1941,0,0,0,,0,901T,ESPERANZA AV,2ND ST,0,,Y,A,-,N,,,,,,,,,,N,4,0,1,2,A,-,10,21950,A,N,G,B,B,A,H,-,A,D,0,Y,,,,Y,,A,,0,0,1,0,1,0,0,0,0,- ,- ,,,LOS ANGELES,LONG BEACH,-118.1751785,33.76765823
8786101,2019,2/13/2019,1976,1/15/2019,1847,460,,2,5,5,1976,0,0,0,,0,1,GREENLEAF AV,PENN ST,20,N,N,C,-,N,,,,,,,,,,Y,2,0,1,3,A,-,11,21954,A,N,G,B,D,B,H,-,C,A,0,Y,,,,Y,,N,60,1,0,0,0,1,0,0,0,0,- ,- ,,,LOS ANGELES,WHITTIER,-118.0373688,33.97550583
8786105,2019,2/13/2019,1900,1/15/2019,1830,602251,472,2,5,4,1936,0,0,0,,0,46T1,LA MIRADA BL,EXCELSIOR DR,0,,Y,C,-,N,,,,,,,,,,Y,4,0,1,2,A,-,10,21950,A,N,G,B,B,B,H,-,C,A,0,Y,,,,Y,,A,7,0,0,1,0,1,0,0,0,0,- ,- ,,,LOS ANGELES,LA MIRADA,-118.0092773,33.89522171
8786754,2019,2/11/2019,1942,1/18/2019,605,43124,192,5,5,7,1942,0,0,0,A,0,1A61,HOPE ST,VENICE,0,,Y,A,-,N,,,,,,,,,,N,3,0,1,2,A,-,10,21950,A,N,G,B,B,A,H,-,A,D,0,Y,,,,Y,,A,1,0,1,0,0,1,0,0,0,0,- ,- ,,,LOS ANGELES,LOS ANGELES,-118.267662,34.03638077
8786884,2019,2/8/2019,1931,1/15/2019,1627,5307,1931,2,5,5,1931,0,0,0,,0,3,GAGE AV,PACIFIC BL,10,E,N,C,-,N,,,,,,,,,,N,4,0,1,2,A,-,16,26708,A,N,G,B,B,B,G,-,C,A,0,Y,,,,Y,,A,1,0,0,1,0,1,0,0,0,0,- ,- ,,,LOS ANGELES,HUNTINGTON PARK,-118.2251663,33.98163986
8786888,2019,2/8/2019,1907,1/18/2019,2003,237,2,5,5,4,1907,0,0,0,,0,,GAGE AV,WALKER AV,0,,Y,A,-,N,,,,,,,,,,N,4,0,1,2,A,-,10,21950,A,F,G,B,B,A,H,-,C,A,0,Y,,,,Y,,A,1,0,0,1,0,1,0,0,0,0,- ,- ,33.97600174,-118.1729965,LOS ANGELES,BELL,-118.1734009,33.97657013
8786919,2019,2/11/2019,1942,1/17/2019,600,40885,157,4,5,7,1942,0,0,0,A,0,1A35,7TH ST,BROADWAY ST,0,,Y,B,-,N,,,,,,,,,,N,4,0,1,2,A,-,17,21451,A,N,G,B,B,B,H,-,A,A,0,Y,,,,Y,,A,7,0,0,1,0,1,0,0,0,0,- ,- ,,,LOS ANGELES,LOS ANGELES,-118.465538,33.99610901
8786923,2019,2/11/2019,1942,1/1/2019,25,43184,182,2,5,7,1942,0,0,0,A,0,1A61,FIGUEROA BL,11TH ST,57,N,N,A,-,N,,,,,,,,,,N,3,0,1,2,A,-,11,21955,,N,G,B,D,A,H,-,C,A,0,Y,,,,Y,Y,N,60,0,1,0,0,1,0,0,0,0,- ,- ,,,LOS ANGELES,LOS ANGELES,-118.2650681,34.04383087
8786928,2019,2/8/2019,1942,1/16/2019,1730,42668,325,3,5,7,1942,0,0,0,C,0,325,28TH ST,VERMONT AV,15,W,N,C,-,N,,,,,,,,,,N,4,0,1,2,A,-,8,22107,,F,G,B,B,B,H,-,C,A,0,Y,,,,Y,,-,99,0,0,1,0,1,0,0,0,0,- ,- ,,,LOS ANGELES,LOS ANGELES,-118.2916031,34.02959824
8786936,2019,2/8/2019,1907,1/15/2019,1833,240,1,2,5,4,1907,0,0,0,,0,,FLORENCE AV,BEAR AV,6,E,N,C,-,N,,,,,,,,,,N,3,0,1,2,A,-,10,21950,A,N,G,B,B,B,H,-,C,A,0,Y,,,,Y,,A,1,0,1,0,0,1,0,0,0,0,- ,- ,33.97100067,-118.1988983,LOS ANGELES,BELL,-118.1989441,33.97145844
8787758,2019,2/2/2019,1942,1/4/2019,900,38025,514,5,5,7,1942,0,0,0,E,0,5A15,WILMINGTON BL,LOMITA BL,25,N,N,A,-,N,,,,,,,,,,N,3,0,1,2,A,-,10,21950,A,F,G,-,B,A,H,-,A,-,0,Y,,,,Y,,-,99,0,1,0,0,1,0,0,0,0,- ,- ,,,LOS ANGELES,LOS ANGELES,-118.2753677,33.79858017
8788735,2019,2/2/2019,1900,1/9/2019,1620,406363,1416,3,5,1,1932,0,0,0,,0,141T5,COLIMA RD,HANOVER RD,13,W,N,A,-,N,,,,,,,,,,N,3,0,1,2,A,-,10,21950,A,N,G,B,B,A,H,-,A,A,0,Y,,,,Y,,A,7,0,1,0,0,1,0,0,0,0,- ,- ,33.9903183,-117.9209976,LOS ANGELES,INDUSTRY,-117.9210892,33.9903717
8789392,2019,2/4/2019,1900,1/14/2019,1730,618940,1623,1,5,5,1977,0,0,0,,0,167T1,MAIN ST,223RD ST,67,S,N,B,C,N,,,,,,,,,,N,4,0,1,2,A,-,11,21954,A,N,G,B,C,B,H,-,C,A,0,Y,,,,Y,,N,60,0,0,1,0,1,0,0,0,0,- ,- ,,,LOS ANGELES,CARSON,-118.2760849,33.82414246
8789518,2019,2/7/2019,1941,1/22/2019,1445,6117,,2,5,7,1941,0,0,0,,0,,ORANGE AV,SOUTH ST,4,S,N,-,-,N,,,,,,,,,,N,4,0,1,2,A,-,9,21801,A,N,D,B,B,A,H,-,-,A,0,Y,,,,Y,,A,,0,0,1,0,1,0,0,0,0,- ,- ,,,LOS ANGELES,LONG BEACH,-118.1772995,33.86009979
8789630,2019,3/12/2019,1900,1/26/2019,2040,546256,530,6,5,5,1959,0,0,0,,0,53T1/P,RT 164,NEWBY AV,50,N,N,A,-,Y,LA,7,164,-,-,6.351,I,5,S,N,4,0,1,2,A,-,11,21950,B,N,G,B,D,A,H,-,C,A,0,Y,,,,Y,,N,60,0,0,1,0,1,0,0,0,0,- ,- ,34.08282089,-118.0733566,LOS ANGELES,ROSEMEAD,-118.0733414,34.08279037
8789834,2019,2/5/2019,1941,1/7/2019,1043,10547,,1,5,7,1941,0,0,0,,0,,LINDEN AV,HULLETT ST,0,,Y,B,-,N,,,,,,,,,,N,4,0,1,2,A,-,7,21658,A,F,H,B,C,B,H,-,A,D,0,Y,,,,Y,,D,,0,0,1,0,1,0,0,0,0,- ,- ,,,LOS ANGELES,LONG BEACH,-118.1860123,33.86090088
8790659,2019,2/8/2019,1900,1/9/2019,1730,612178,2111,3,5,5,1943,0,0,0,,0,2.12E+03,STATE ST,BEECHWOOD AV,75,S,N,A,-,N,,,,,,,,,,N,2,0,1,2,A,-,11,21954,A,F,G,B,D,A,H,-,C,A,0,Y,,,,Y,,N,60,1,0,0,0,1,0,0,0,0,- ,- ,,,LOS ANGELES,LYNWOOD,-118.2166824,33.92940521
8791145,2019,2/4/2019,1942,1/12/2019,1040,41704,362,6,5,7,1942,0,0,0,C,0,3A63,W MARTIN LUTHER KING BL,COLISEUM ST,15,W,N,C,-,N,,,,,,,,,,N,3,0,1,2,A,-,12,21453,A,N,D,B,B,B,H,-,A,A,0,Y,,,,Y,,A,1,0,1,0,0,1,0,0,0,0,- ,- ,,,LOS ANGELES,LOS ANGELES,-118.3460083,34.01750565
8791198,2019,2/4/2019,1900,1/15/2019,1957,602463,2822,2,5,5,1915,0,0,0,,0,283T1,SANTA FE AV,ELM ST,233,N,N,C,-,N,,,,,,,,,,N,3,0,1,2,A,-,11,21954,A,N,A,B,D,B,G,-,C,D,0,Y,,,,Y,,N,60,0,1,0,0,1,0,0,0,0,- ,- ,,,LOS ANGELES,COMPTON,-118.216156,33.90137863
8791603,2019,2/6/2019,1942,1/17/2019,2010,43230,1207,4,5,7,1942,0,0,0,L,0,12A15,VERNON AV,HOOVER ST,0,,Y,B,-,N,,,,,,,,,,N,4,0,1,2,A,-,10,21950,A,M,G,B,B,B,H,-,C,A,0,Y,,,,Y,,-,99,0,0,1,0,1,0,0,0,0,- ,- ,,,LOS ANGELES,LOS ANGELES,-118.2871704,34.00371933
8791607,2019,2/6/2019,1942,1/8/2019,1710,41495,1258,2,5,7,1942,0,0,0,L,0,12A69W,76TH PL,SAN PEDRO ST,300,W,N,A,-,N,,,,,,,,,,N,4,0,1,2,A,-,11,21954,A,F,G,B,D,A,H,-,B,D,0,Y,,,,Y,,N,60,0,0,1,0,1,0,0,0,0,- ,- ,,,LOS ANGELES,LOS ANGELES,-118.270546,33.97047043
8791643,2019,3/13/2019,1942,1/20/2019,225,42612,1265,7,5,7,1942,0,0,0,L,0,12A53,MANCHESTER AV,NORMANDIE,450,E,N,A,-,N,,,,,,,,,,N,2,0,1,2,A,-,11,21954,A,N,A,B,D,A,H,-,C,D,0,Y,,,,Y,,-,- ,1,0,0,0,1,0,0,0,0,- ,- ,,,LOS ANGELES,LOS ANGELES,-118.29879,33.96001434
8791678,2019,2/6/2019,1942,1/26/2019,1510,42940,378,6,5,7,1942,0,0,0,C,0,3A62,MARTIN LUTHER KING JR BL,VERMONT AV,200,E,N,A,-,N,,,,,,,,,,Y,3,0,1,2,A,-,17,21663,,N,E,B,F,A,H,-,A,D,0,Y,,,,Y,,A,1,0,1,0,0,1,0,0,0,0,- ,- ,,,LOS ANGELES,LOS ANGELES,-118.2908707,34.01089478
8791701,2019,2/14/2019,1942,1/14/2019,210,41688,1219,1,5,7,1942,0,0,0,L,0,12A31,54TH ST,FIGEROA ST,30,E,N,A,-,N,,,,,,,,,,N,4,0,1,2,A,-,11,21954,A,N,G,B,D,A,H,-,C,D,0,Y,,,,Y,,N,60,0,0,1,0,1,0,0,0,0,- ,- ,,,LOS ANGELES,LOS ANGELES,-118.2825775,33.99328995
8791777,2019,2/13/2019,1900,1/10/2019,1115,615106,2610,4,5,6,1950,0,0,0,,0,262T1,RT 138,SIERRA HWY,0,,Y,A,-,Y,LA,7,138,-,-,44.424,I,5,W,N,4,0,1,2,A,-,10,21950,A,M,G,B,B,A,H,-,A,A,0,Y,,,,Y,,-,99,0,0,1,0,1,0,0,0,0,- ,- ,34.57949829,-118.1165619,LOS ANGELES,PALMDALE,-118.1165543,34.57951355
8791828,2019,3/12/2019,1941,1/16/2019,1605,10915,,3,5,7,1941,0,0,0,,0,,PACIFIC COAST HWY,CEDAR AV,0,,Y,B,C,Y,LA,7,1,-,-,6.591,I,5,S,N,4,0,1,2,A,-,10,21950,A,N,H,B,B,B,H,-,A,A,0,Y,,,,Y,,A,,0,0,1,0,1,0,0,0,0,- ,- ,,,LOS ANGELES,LONG BEACH,-118.1949997,33.78981018
8791911,2019,2/13/2019,1900,1/18/2019,1455,527381,2610,5,5,6,1950,0,0,0,,0,263T1,RT 138,17TH ST EAST,154,W,N,A,-,Y,LA,7,138,-,-,45.43,H,-,E,N,2,0,1,2,A,-,11,21954,A,N,G,B,D,A,H,-,A,A,0,Y,,,,Y,,N,60,1,0,0,0,1,0,0,0,0,- ,- ,34.57965088,-118.0990524,LOS ANGELES,PALMDALE,-118.0989838,34.57966614
8791968,2019,2/11/2019,1942,1/12/2019,1400,37700,1499,6,5,7,1942,0,0,0,N,0,14A67,AVIATION BL,IMPERIAL HWY,14,S,N,B,-,N,,,,,,,,,,N,2,0,1,2,A,-,10,21950,A,N,G,B,B,B,H,-,A,A,0,Y,,,,Y,,D,22,1,0,0,0,1,0,0,0,0,- ,- ,,,LOS ANGELES,LOS ANGELES,-118.3789825,33.9319191
8792170,2019,2/14/2019,1942,1/16/2019,1740,42681,1256,3,5,7,1942,0,0,0,L,0,12X8,HOOVER ST,75TH ST,0,,Y,C,-,N,,,,,,,,,,N,4,0,1,2,A,-,11,21954,A,N,D,B,D,B,H,-,D,D,0,Y,,,,Y,,N,60,0,0,1,0,1,0,0,0,0,- ,- ,,,LOS ANGELES,LOS ANGELES,-118.287117,33.97171021
8792204,2019,2/15/2019,1942,1/14/2019,2100,43230,1208,1,5,7,1942,0,0,0,L,0,12A15,FIGUEROA,47TH ST,0,,Y,C,-,N,,,,,,,,,,N,4,0,1,2,A,-,3,22350,,N,A,B,B,B,H,-,C,A,0,Y,,,,Y,,-,99,0,0,1,0,1,0,0,0,0,- ,- ,,,LOS ANGELES,LOS ANGELES,-118.2827225,34.00101852
8792309,2019,2/15/2019,1925,1/11/2019,1741,21601,254,5,5,6,1925,0,0,0,,0,3,LOMITA AV,GLENDALE AV,62,E,N,A,-,N,,,,,,,,,,N,3,0,1,2,A,-,11,21954,A,N,D,B,D,A,H,-,D,D,0,Y,,,,Y,,N,60,0,1,0,0,1,0,0,0,0,- ,- ,,,LOS ANGELES,GLENDALE,-118.2499084,34.14086533
8792317,2019,2/15/2019,1942,1/22/2019,825,37451,418,2,5,7,1942,0,0,0,D,0,4A3,CUDAHY ST,HARRIMAN ST,0,,Y,A,-,N,,,,,,,,,,N,4,0,1,2,A,-,10,21950,A,F,G,B,B,A,H,-,A,A,0,Y,,,,Y,,-,99,0,0,1,0,1,0,0,0,0,- ,- ,,,LOS ANGELES,LOS ANGELES,-118.1806335,34.09241104
8792609,2019,4/16/2019,1941,1/27/2019,2021,11255,,7,5,7,1941,0,0,0,,0,,PACIFIC AV,10TH ST,0,,Y,A,-,N,,,,,,,,,,N,3,0,1,6,A,-,0,20001,,N,B,B,B,A,H,-,C,A,0,Y,,,,Y,Y,A,,0,1,0,0,1,0,0,0,0,- ,- ,,,LOS ANGELES,LONG BEACH,-118.1937332,33.77898026
8792882,2019,2/28/2019,1942,2/1/2019,1835,43110,1525,5,5,7,1942,0,0,0,O,0,15A38,LAUREL CANYON BL,VICTORY,0,,Y,C,-,N,,,,,,,,,,N,4,0,1,2,B,-,22,,,F,A,B,F,B,H,-,C,D,0,Y,,,,Y,Y,-,99,0,0,1,0,1,0,0,0,0,- ,- ,,,LOS ANGELES,LOS ANGELES,-118.3965073,34.18667984
8793208,2019,2/27/2019,1942,1/19/2019,2225,40972,1966,6,5,7,1942,0,0,0,,0,19475,PLUMMER ST,SYLMAR AV,270,E,N,A,-,N,,,,,,,,,,N,2,0,1,2,A,-,11,21950,B,N,G,-,D,A,H,-,C,A,0,Y,,,,Y,Y,N,60,1,0,0,0,1,0,0,0,0,- ,- ,,,LOS ANGELES,LOS ANGELES,-118.4471664,34.24266052
8793232,2019,2/27/2019,1942,1/22/2019,630,40398,1612,2,5,7,1942,0,0,0,P,0,16A11,PAXTON ST,HERRICK AV,0,,Y,A,-,N,,,,,,,,,,N,4,0,1,2,A,-,10,21950,A,N,G,B,B,A,H,-,A,A,0,Y,,,,Y,,A,1,0,0,1,0,1,0,0,0,0,- ,- ,,,LOS ANGELES,LOS ANGELES,-118.4212799,34.27724075
8793283,2019,2/27/2019,1942,1/7/2019,1710,39476,1651,1,5,7,1942,0,0,0,P,0,16A23,CRANFORD AV,KAGEL CANYON ST,176,N,N,A,-,N,,,,,,,,,,N,4,0,1,2,A,-,0,20015,A,N,G,B,D,A,H,-,A,D,0,Y,,,,Y,Y,-,- ,0,0,1,0,1,0,0,0,0,- ,- ,,,LOS ANGELES,LOS ANGELES,-118.4256134,34.24838638
8793330,2019,2/27/2019,1942,1/22/2019,1435,41933,567,2,5,7,1942,0,0,0,E,0,25T22,19TH ST,PACIFIC AV,18,W,N,A,-,N,,,,,,,,,,N,3,0,1,2,A,-,10,21950,A,N,G,B,B,A,H,-,A,A,0,Y,,,,Y,,A,7,0,1,0,0,1,0,0,0,0,- ,- ,,,LOS ANGELES,LOS ANGELES,-118.4710083,33.98611069
8793354,2019,2/27/2019,1942,1/7/2019,900,34482,1684,1,5,7,1942,0,0,0,P,0,16A81,STAGG ST,LANKERSHIM BL,0,,Y,C,-,N,,,,,,,,,,N,4,0,1,2,A,-,10,21950,A,N,G,B,B,B,H,-,A,A,0,Y,,,,Y,,A,1,0,0,1,0,1,0,0,0,0,- ,- ,,,LOS ANGELES,LOS ANGELES,-118.3877792,34.21210098
8793372,2019,2/25/2019,1942,1/14/2019,850,32319,2133,1,5,7,1942,0,0,0,,0,21A1,MEDICAL CENTER DR,N SHERMAN PL,500,N,N,C,-,N,,,,,,,,,,N,3,0,1,2,A,-,10,21950,A,N,G,B,C,B,H,-,A,A,0,Y,,,,Y,,A,1,0,1,0,0,1,0,0,0,0,- ,- ,,,LOS ANGELES,LOS ANGELES,-118.6294403,34.2023201
8793396,2019,2/25/2019,1942,1/29/2019,555,39655,678,2,5,7,1942,0,0,0,F,0,6A77,N HOBART BL,LEMON GROVE AV,151,N,N,A,-,N,,,,,,,,,,Y,2,0,1,2,A,-,11,21954,A,F,G,B,D,A,H,-,C,D,0,Y,,,,Y,,N,60,1,0,0,0,1,0,0,0,0,- ,- ,,,LOS ANGELES,LOS ANGELES,-118.3051071,34.08664322