CASE_ID,ACCIDENT_YEAR,PROC_DATE,JURIS,COLLISION_DATE,COLLISION_TIME,OFFICER_ID,REPORTING_DISTRICT,DAY_OF_WEEK,CHP_SHIFT,POPULATION,CNTY_CITY_LOC,SPECIAL_COND,BEAT_TYPE,CHP_BEAT_TYPE,CITY_DIVISION_LAPD,CHP_BEAT_CLASS,BEAT_NUMBER,PRIMARY_RD,SECONDARY_RD,DISTANCE,DIRECTION,INTERSECTION,WEATHER_1,WEATHER_2,STATE_HWY_IND,CALTRANS_COUNTY,CALTRANS_DISTRICT,STATE_ROUTE,ROUTE_SUFFIX,POSTMILE_PREFIX,POSTMILE,LOCATION_TYPE,RAMP_INTERSECTION,SIDE_OF_HWY,TOW_AWAY,COLLISION_SEVERITY,NUMBER_KILLED,NUMBER_INJURED,PARTY_COUNT,PRIMARY_COLL_FACTOR,PCF_CODE_OF_VIOL,PCF_VIOL_CATEGORY,PCF_VIOLATION,PCF_VIOL_SUBSECTION,HIT_AND_RUN,TYPE_OF_COLLISION,MVIW,PED_ACTION,ROAD_SURFACE,ROAD_COND_1,ROAD_COND_2,LIGHTING,CONTROL_DEVICE,CHP_ROAD_TYPE,PEDESTRIAN_ACCIDENT,BICYCLE_ACCIDENT,MOTORCYCLE_ACCIDENT,TRUCK_ACCIDENT,NOT_PRIVATE_PROPERTY,ALCOHOL_INVOLVED,STWD_VEHTYPE_AT_FAULT,CHP_VEHTYPE_AT_FAULT,COUNT_SEVERE_INJ,COUNT_VISIBLE_INJ,COUNT_COMPLAINT_PAIN,COUNT_PED_KILLED,COUNT_PED_INJURED,COUNT_BICYCLIST_KILLED,COUNT_BICYCLIST_INJURED,COUNT_MC_KILLED,COUNT_MC_INJURED,PRIMARY_RAMP,SECONDARY_RAMP,LATITUDE,LONGITUDE,COUNTY,CITY,POINT_X,POINT_Y
8884684,2019,6/26/2019,1942,5/5/2019,2140,37770,886,7,5,7,1942,0,0,0,H,0,14T47,ROXBURY DR,PICO BL,8,N,N,B,-,N,,,,,,,,,,N,3,0,1,2,A,-,10,21950,A,N,G,B,B,A,H,-,C,A,0,Y,,,,Y,,A,1,0,1,0,0,1,0,0,0,0,- ,- ,,,LOS ANGELES,LOS ANGELES,-118.4021988,34.05400085
8884730,2019,6/26/2019,1909,6/5/2019,1515,563,1909,3,5,4,1909,0,0,0,,0,NORTH,FLORENCE AV,AJAX AV,0,,Y,A,-,N,,,,,,,,,,N,4,0,2,3,A,-,10,21950,A,N,G,B,B,A,H,-,A,A,0,Y,,,,Y,,A,8,0,0,2,0,2,0,0,0,0,- ,- ,,,LOS ANGELES,BELL GARDENS,-118.1632919,33.96763992
8884731,2019,6/26/2019,1942,6/15/2019,1930,39022,753,6,5,7,1942,0,0,0,G,0,7T23,FAIRFAX AV,PACKARD ST,150,N,N,A,-,N,,,,,,,,,,N,4,0,1,2,A,-,10,21954,B,F,G,B,C,A,H,-,A,D,0,Y,,,,Y,,-,99,0,0,1,0,1,0,0,0,0,- ,- ,,,LOS ANGELES,LOS ANGELES,-118.3658676,34.05378723
8884744,2019,6/26/2019,1942,6/7/2019,2042,42901,2081,5,5,7,1942,0,0,0,,0,20T59,VENICE BL,GRAMERCY PL,30,E,N,A,-,N,,,,,,,,,,Y,3,0,1,2,A,-,11,21954,A,N,G,B,D,A,H,-,C,D,0,Y,,,,Y,Y,N,60,0,1,0,0,1,0,0,0,0,- ,- ,,,LOS ANGELES,LOS ANGELES,-118.3129425,34.04356003
8884799,2019,6/26/2019,1942,6/4/2019,1700,43039,2062,2,5,7,1942,0,0,0,,0,7A76,MANHATTAN PL,PICO BL,0,,Y,A,-,N,,,,,,,,,,N,3,0,1,2,A,-,11,21954,A,N,G,B,E,A,H,-,A,D,0,Y,,,,Y,,N,60,0,1,0,0,1,0,0,0,0,- ,- ,,,LOS ANGELES,LOS ANGELES,-118.3101578,34.04719925
8884805,2019,6/26/2019,1900,6/4/2019,2117,526486,986,2,5,4,1979,0,0,0,,0,93T3,SUNSET BL,ALTA LOMA RD,0,,Y,A,-,N,,,,,,,,,,N,4,0,1,2,A,-,10,21950,A,M,G,B,B,A,H,-,C,A,0,Y,,,,Y,,A,1,0,0,1,0,1,0,0,0,0,- ,- ,34.09341049,-118.3776932,LOS ANGELES,WEST HOLLYWOOD,-118.3777771,34.09349823
8884809,2019,6/26/2019,1900,6/9/2019,1248,605567,972,7,5,4,1979,0,0,0,,0,92T1,WEST KNOLL DR,MELROSE AV,10,N,N,A,-,N,,,,,,,,,,N,3,0,1,2,A,-,8,22100,B,N,G,B,B,A,H,-,A,D,0,Y,,,,Y,,A,1,0,1,0,0,1,0,0,0,0,- ,- ,34.08472061,-118.3774033,LOS ANGELES,WEST HOLLYWOOD,-118.3776093,34.08195877
8884835,2019,7/3/2019,1942,4/16/2019,1135,38211,237,2,5,7,1942,0,0,0,,0,2A39,3RD ST,COLUMBIA AV,0,,Y,B,-,N,,,,,,,,,,N,4,0,1,2,A,-,10,21950,A,F,G,B,B,A,H,-,A,A,0,Y,,,,Y,,-,99,0,0,1,0,1,0,0,0,0,- ,- ,,,LOS ANGELES,LOS ANGELES,-118.2644119,34.05944061
8884843,2019,7/11/2019,1900,4/27/2019,1540,SALGADO,976,6,5,4,1979,0,0,0,,0,93T4,SANTA MONICA BL,CRESCENT HEIGHTS BL,0,,Y,B,-,N,,,,,,,,,,N,4,0,1,2,A,-,- ,,,N,H,B,E,A,H,-,A,D,0,Y,Y,,,Y,,L,4,0,0,1,0,1,0,0,0,0,- ,- ,34.02421188,-118.4964828,LOS ANGELES,WEST HOLLYWOOD,-118.3659363,34.09078979
8884851,2019,7/10/2019,1900,4/18/2019,1300,443069,975,4,5,4,1979,0,0,0,,0,92T2,FOUNTAIN AV,CRESCENT HEIGHTS BL,60,W,N,A,-,N,,,,,,,,,,N,4,0,1,2,A,-,11,21954,A,M,G,B,E,A,H,-,A,D,0,Y,,,,Y,,N,60,0,0,1,0,1,0,0,0,0,- ,- ,34.09429932,-118.3663025,LOS ANGELES,WEST HOLLYWOOD,-118.3661652,34.09439468
8885477,2019,7/11/2019,1942,5/15/2019,700,41629,1333,3,5,7,1942,0,0,0,M,0,13A43,31ST ST,GRIFFIN AV,0,,Y,A,-,N,,,,,,,,,,N,3,0,2,3,A,-,9,21802,A,N,D,C,E,A,H,-,A,A,0,Y,,,,Y,,A,1,0,1,1,0,1,0,0,0,0,- ,- ,,,LOS ANGELES,LOS ANGELES,-118.2118988,34.08095169
8885522,2019,7/11/2019,1942,5/24/2019,44,43656,152,5,5,7,1942,0,0,0,A,0,1A12,7TH ST,GRAND AV,0,,Y,A,-,N,,,,,,,,,,N,4,0,1,2,A,-,10,21950,A,F,G,B,B,A,H,-,C,A,0,Y,,,,Y,,-,99,0,0,1,0,1,0,0,0,0,- ,- ,,,LOS ANGELES,LOS ANGELES,-118.2901611,33.73786926
8885529,2019,7/11/2019,1942,5/5/2019,1845,40601,1391,7,5,7,1942,0,0,0,M,0,13X94,S GRAND AV,GAGE AV,70,N,N,A,-,N,,,,,,,,,,N,2,0,1,2,A,-,10,21950,A,F,G,B,B,A,H,-,A,A,0,Y,,,,Y,,-,99,1,0,0,0,1,0,0,0,0,- ,- ,,,LOS ANGELES,LOS ANGELES,-118.2801666,33.98256302
8885563,2019,7/11/2019,1942,5/22/2019,1355,36843,185,3,5,7,1942,0,0,0,A,0,1A61,MAPLE AV,12TH ST,153,S,-,B,-,N,,,,,,,,,,N,4,0,1,2,A,-,11,21954,A,N,G,B,E,A,H,-,A,D,0,Y,,,,Y,,N,60,0,0,1,0,1,0,0,0,0,- ,- ,,,LOS ANGELES,LOS ANGELES,-118.2566147,34.0353241
8885595,2019,7/10/2019,1942,5/16/2019,1745,40730,1162,4,5,7,1942,0,0,0,K,0,11A51,FOUNTAIN AV,LYMAN PL,0,,Y,A,-,N,,,,,,,,,,N,2,0,1,2,A,-,11,21954,A,N,G,B,D,A,H,-,B,A,0,Y,,,,Y,,N,60,1,0,0,0,1,0,0,0,0,- ,- ,,,LOS ANGELES,LOS ANGELES,-118.2887421,34.09564972
8885597,2019,7/10/2019,1942,5/10/2019,1645,40275,1145,5,5,7,1942,0,0,0,K,0,11A71,GLENDALE BL,SILVER RIDGE AV,75,S,N,B,-,N,,,,,,,,,,N,3,0,1,2,A,-,11,21955,,N,G,B,D,A,H,-,A,D,0,Y,,,,Y,,N,60,0,1,0,0,1,0,0,0,0,- ,- ,,,LOS ANGELES,LOS ANGELES,-118.2592163,34.10425568
8886149,2019,7/23/2019,1942,6/17/2019,1625,40569,926,1,5,7,1942,0,0,0,,0,9A41,WOODMAN AV,VANOWEN ST,10,N,N,A,-,N,,,,,,,,,,N,4,0,1,2,A,-,9,21804,A,N,G,B,D,A,H,-,A,A,0,Y,,,,Y,,N,60,0,0,1,0,1,0,0,0,0,- ,- ,,,LOS ANGELES,LOS ANGELES,-118.4312668,34.19396591
8886282,2019,7/19/2019,1942,6/15/2019,2125,33504,2177,6,5,7,1942,0,0,0,,0,21A97,CANOGA AV,BURBANK BL,0,,Y,A,-,N,,,,,,,,,,N,2,0,1,2,A,-,10,21950,A,N,G,B,B,A,H,-,C,A,0,Y,,Y,,Y,,C,2,1,0,0,0,1,0,0,0,0,- ,- ,,,LOS ANGELES,LOS ANGELES,-118.5974579,34.17327881
8886494,2019,7/17/2019,1928,6/16/2019,1910,404,513,7,5,5,1928,0,0,0,,0,504,132ND ST,HAWTHORNE BL,0,,Y,A,-,N,,,,,,,,,,N,4,0,1,2,A,-,11,21956,A,F,G,B,D,A,H,-,A,D,0,Y,,,,Y,Y,N,60,0,0,1,0,1,0,0,0,0,- ,- ,33.9129982,-118.3525467,LOS ANGELES,HAWTHORNE,-118.3526688,33.91305923
8886522,2019,7/19/2019,1942,6/6/2019,1540,30425,,4,5,7,1942,0,0,0,,0,3A55,WESTERN AV,36TH PL,50,S,N,A,-,N,,,,,,,,,,N,3,0,1,2,A,-,11,21954,A,F,G,B,D,A,H,-,A,D,0,Y,,,,Y,,N,60,0,1,0,0,1,0,0,0,0,- ,- ,,,LOS ANGELES,LOS ANGELES,-118.3089066,34.02174377
8886726,2019,7/3/2019,1942,4/26/2019,1615,32271,1341,5,5,7,1942,0,0,0,M,0,13X94,JEFFERSON,HOPE,0,,Y,A,-,N,,,,,,,,,,N,3,0,1,2,A,-,11,21106,B,N,G,B,D,A,H,-,A,A,0,Y,,,,Y,Y,N,60,0,1,0,0,1,0,0,0,0,- ,- ,,,LOS ANGELES,LOS ANGELES,-118.2776489,34.02090836
8887728,2019,7/18/2019,1941,3/29/2019,838,10143,,5,5,7,1941,0,0,0,,0,901T,LOS COYOTES DIAGONAL,OUTER TRAFFIC CIR,0,,Y,A,-,N,,,,,,,,,,N,4,0,1,2,A,-,10,21950,A,N,D,B,B,A,H,-,A,A,0,Y,,,,Y,,-,- ,0,0,1,0,1,0,0,0,0,- ,- ,,,LOS ANGELES,LONG BEACH,-118.1410217,33.79101944
8887732,2019,7/8/2019,1941,3/17/2019,2000,10915,,7,5,7,1941,0,0,0,,0,901T,20TH ST,PACIFIC AV,0,,Y,A,-,N,,,,,,,,,,N,2,0,1,2,A,-,11,21456,B,N,A,B,B,A,H,-,C,A,0,Y,,,,Y,Y,-,,1,0,0,0,1,0,0,0,0,- ,- ,,,LOS ANGELES,LONG BEACH,-118.1937714,33.79349899
8887796,2019,7/18/2019,1941,6/11/2019,2225,11333,,2,5,7,1941,0,0,0,,0,,7TH ST,CHERRY AV,87,W,N,A,-,N,,,,,,,,,,N,3,0,1,2,A,-,5,21651,B,F,A,B,D,A,H,-,C,D,0,Y,,,,Y,,-,,0,1,0,0,1,0,0,0,0,- ,- ,,,LOS ANGELES,LONG BEACH,-118.1679535,33.77534866
8887844,2019,11/13/2019,1941,4/13/2019,1759,11121,,6,5,7,1941,0,0,0,,0,,PACIFIC COAST HWY,2ND ST,12,E,N,A,-,Y,LA,7,1,-,-,0.591,I,5,S,N,3,0,1,2,A,-,10,21950,A,F,G,B,B,A,H,-,A,A,0,Y,,,,Y,,A,,0,1,0,0,1,0,0,0,0,- ,- ,,,LOS ANGELES,LONG BEACH,-118.1113281,33.7580986
8888091,2019,7/16/2019,1975,6/5/2019,1223,427,,3,5,6,1975,0,0,0,,0,3,SUNSET AV,PLAZA DR,144,S,N,A,-,N,,,,,,,,,,N,3,0,1,2,A,-,11,21955,,F,G,B,D,A,H,-,A,A,0,Y,,,,Y,Y,N,60,0,1,0,0,1,0,0,0,0,- ,- ,34.07059097,-117.936882,LOS ANGELES,WEST COVINA,-117.937149,34.07021713
8888323,2019,7/9/2019,1942,3/29/2019,2250,42691,1526,5,5,7,1942,0,0,0,O,0,15A27,LANKERSHIM BL,HAMLIN ST,150,S,N,A,-,N,,,,,,,,,,N,2,0,1,2,A,-,11,21956,A,N,A,B,D,A,-,-,C,D,0,Y,,,,Y,Y,N,60,1,0,0,0,1,0,0,0,0,- ,- ,,,LOS ANGELES,LOS ANGELES,-118.3877945,34.18834686
8888646,2019,7/17/2019,1942,6/7/2019,715,30452,989,5,5,7,1942,0,0,0,I,0,9A89,FULTON AV,VENTURA BL,0,,Y,B,-,N,,,,,,,,,,N,4,0,1,2,A,-,10,21950,A,N,G,B,B,A,H,-,A,A,0,Y,,,,Y,,A,7,0,0,1,0,1,0,0,0,0,- ,- ,,,LOS ANGELES,LOS ANGELES,-118.4225082,34.1465683
8888712,2019,7/12/2019,1942,5/22/2019,1950,40635,153,3,5,7,1942,0,0,0,A,0,1A41,GRAND AV,7TH ST,20,S,N,A,-,N,,,,,,,,,,N,3,0,1,2,A,-,11,21956,A,N,G,B,E,A,H,-,A,A,0,Y,,,,Y,,N,60,0,1,0,0,1,0,0,0,0,- ,- ,,,LOS ANGELES,LOS ANGELES,-118.2901535,33.73781586
8889081,2019,7/10/2019,1910,6/17/2019,1437,3494,,1,5,4,1910,0,0,0,,0,,SOUTH SANTA MONICA BL,BEDFORD DR,0,,Y,A,-,N,,,,,,,,,,N,3,0,1,2,A,-,10,21950,A,N,G,B,B,A,H,-,A,A,0,Y,,,,Y,Y,A,1,0,1,0,0,1,0,0,0,0,- ,- ,,,LOS ANGELES,BEVERLY HILLS,-118.4063568,34.06924057
8889097,2019,7/10/2019,1910,6/14/2019,1705,360,,5,5,4,1910,0,0,0,,0,9,CHARLEVILLE BL,S HAMEL DR,0,,Y,A,-,N,,,,,,,,,,N,3,0,1,2,A,-,10,21950,A,N,G,A,B,A,H,-,A,D,0,Y,,,,Y,,A,1,0,1,0,0,1,0,0,0,0,- ,- ,34.064991,-118.3815536,LOS ANGELES,BEVERLY HILLS,-118.3815079,34.06499863
8889352,2019,7/16/2019,1941,6/16/2019,1610,11346,,7,5,7,1941,0,0,0,,0,,ANAHEIM,ATLANTIC,171,W,N,B,-,N,,,,,,,,,,N,4,0,1,2,A,-,11,21955,,N,G,B,D,A,H,-,A,D,0,Y,,,,Y,,-,- ,0,0,1,0,1,0,0,0,0,- ,- ,,,LOS ANGELES,LONG BEACH,-118.1856003,33.78261185
8889381,2019,7/12/2019,1941,6/22/2019,1433,10913,,6,5,7,1941,0,0,0,,0,,7TH ST,CHESTNUT AV,0,,Y,A,-,N,,,,,,,,,,N,2,0,2,3,A,-,10,21950,A,N,G,B,B,A,H,-,A,A,0,Y,,,,Y,,A,,1,1,0,0,2,0,0,0,0,- ,- ,,,LOS ANGELES,LONG BEACH,-118.1963577,33.77536011
8889401,2019,7/12/2019,1941,6/22/2019,2045,11101,,6,5,7,1941,0,0,0,,0,,1ST ST,CHERRY AV,0,,Y,A,-,N,,,,,,,,,,N,3,0,1,2,A,-,3,22350,,M,G,B,B,A,H,-,C,D,0,Y,,,,Y,,A,,0,1,0,0,1,0,0,0,0,- ,- ,,,LOS ANGELES,LONG BEACH,-118.1682205,33.76557159
8889698,2019,8/16/2019,1900,7/3/2019,2110,532239,1122,3,5,6,1992,0,0,0,,0,112T1,LANCASTER BL,GADSDEN AV,0,,Y,A,-,N,,,,,,,,,,N,3,0,1,2,A,-,11,21954,A,N,G,B,D,A,H,-,C,D,0,Y,,,,Y,,N,60,0,1,0,0,1,0,0,0,0,- ,- ,,,LOS ANGELES,LANCASTER,-118.1457901,34.69747925
8889699,2019,8/15/2019,1942,7/2/2019,1925,40065,1641,2,5,7,1942,0,0,0,P,0,16T25,VAN NUYS BL,LAUREL CANYON BL,28,W,N,A,-,N,,,,,,,,,,N,4,0,1,2,A,-,11,21456,B,F,G,B,B,A,H,-,A,A,0,Y,,,,Y,,N,60,0,0,1,0,1,0,0,0,0,- ,- ,,,LOS ANGELES,LOS ANGELES,-118.4321671,34.25873947
8889905,2019,7/5/2019,1942,5/26/2019,1015,43430,1383,7,5,7,1942,0,0,0,M,0,13A9,W 62ND ST,MAIN,500,E,N,A,-,N,,,,,,,,,,N,3,0,1,2,A,-,11,21954,A,N,G,B,D,A,-,-,A,D,0,Y,,,,Y,,N,60,0,1,0,0,1,0,0,0,0,- ,- ,,,LOS ANGELES,LOS ANGELES,-118.273941,33.98331833
8889975,2019,7/5/2019,1942,5/23/2019,2000,40110,396,4,5,7,1942,0,0,0,C,0,X95,VERMONT AV,42ND ST,0,,Y,B,-,N,,,,,,,,,,N,4,0,1,2,A,-,12,21453,A,N,G,B,B,A,H,-,A,A,0,Y,,,,Y,,A,1,0,0,1,0,1,0,0,0,0,- ,- ,,,LOS ANGELES,LOS ANGELES,-118.2915573,34.00730133
8890257,2019,7/9/2019,1942,5/2/2019,800,40693,1347,4,5,7,1942,0,0,0,M,0,13A27,41ST ST,ASCOT AV,0,,Y,B,-,N,,,,,,,,,,N,4,0,1,2,A,-,10,21950,A,N,G,B,B,A,H,-,A,A,0,Y,,,,Y,,A,1,0,0,1,0,1,0,0,0,0,- ,- ,,,LOS ANGELES,LOS ANGELES,-118.2494278,34.00889969
8890276,2019,7/11/2019,1942,5/11/2019,0,43146,211,6,5,7,1942,0,0,0,B,0,2A39,VERMONT AV,SANTA MONICA BL,0,,Y,A,-,N,,,,,,,,,,N,4,0,1,2,A,-,11,21956,A,F,G,B,E,A,-,-,C,A,0,Y,,,,Y,,N,60,0,0,1,0,1,0,0,0,0,- ,- ,,,LOS ANGELES,LOS ANGELES,-118.2917328,34.0908699
8890465,2019,7/18/2019,1942,6/19/2019,1850,41978,1467,3,5,7,1942,0,0,0,N,0,14A67,CENTER DR,CENTER DR W,0,,Y,A,-,N,,,,,,,,,,N,4,0,1,2,A,-,10,21950,A,F,G,B,D,A,H,-,C,D,0,Y,,,,Y,,-,99,0,0,1,0,1,0,0,0,0,- ,- ,,,LOS ANGELES,LOS ANGELES,-118.3933487,33.97826004
8890489,2019,7/16/2019,1942,6/13/2019,2250,33504,1045,4,5,7,1942,0,0,0,J,0,10A83,WHITE OAK AV,BURBANK BL,0,,Y,A,-,N,,,,,,,,,,N,4,0,1,2,A,-,10,21950,A,N,G,B,B,A,H,-,C,A,0,Y,,,,Y,,A,1,0,0,1,0,1,0,0,0,0,- ,- ,,,LOS ANGELES,LOS ANGELES,-118.5185394,34.17224121
8890494,2019,7/16/2019,1942,6/8/2019,805,30452,1063,6,5,7,1942,0,0,0,J,0,10A83,BURBANK BL,RESEDA BL,0,,Y,A,-,N,,,,,,,,,,N,4,0,1,2,A,-,10,21950,A,N,G,B,B,A,H,-,A,A,0,Y,,,,Y,,A,7,0,0,1,0,1,0,0,0,0,- ,- ,,,LOS ANGELES,LOS ANGELES,-118.5360031,34.17234039
8890559,2019,7/16/2019,1925,6/28/2019,1849,27896,5,5,5,6,1925,0,0,0,,0,130,BROADVIEW DR,VERDUGO RD,0,,Y,A,-,N,,,,,,,,,,N,3,0,1,2,A,-,10,21950,A,N,G,B,B,A,H,-,A,A,0,Y,,,,Y,,-,,0,1,0,0,1,0,0,0,0,- ,- ,,,LOS ANGELES,GLENDALE,-118.2260666,34.20370102
8890563,2019,7/11/2019,1942,6/15/2019,1212,38191,1595,6,5,7,1942,0,0,0,O,0,15A85,VENTURA BL,LAUREL CANYON BL,427,E,N,A,-,N,,,,,,,,,,N,4,0,1,3,B,-,22,,,N,B,B,F,A,H,-,A,D,0,Y,,,,Y,,A,7,0,0,1,0,1,0,0,0,0,- ,- ,,,LOS ANGELES,LOS ANGELES,-118.3938599,34.14368057
8890566,2019,7/11/2019,1900,6/17/2019,1226,407357,625,1,5,6,1985,0,0,0,,0,62T1,RAILROAD AV,LYONS AV,6,E,N,A,-,N,,,,,,,,,,N,4,0,1,2,A,-,10,21950,A,N,G,B,B,A,H,-,A,A,0,Y,,,,Y,,A,7,0,0,1,0,1,0,0,0,0,- ,- ,34.3819809,-118.5292435,LOS ANGELES,SANTA CLARITA,-118.5290527,34.38186646
8890638,2019,7/9/2019,1942,6/10/2019,1035,36633,1003,1,5,7,1942,0,0,0,J,0,10A3,RESEDA BL,ROSCOE BL,0,,Y,A,-,N,,,,,,,,,,N,4,0,1,2,A,-,10,21950,A,N,-,B,B,A,H,-,A,A,0,Y,,,,Y,,A,1,0,0,1,0,1,0,0,0,0,- ,- ,,,LOS ANGELES,LOS ANGELES,-118.5360794,34.2207489
8890639,2019,7/12/2019,1942,6/9/2019,1840,41566,1544,7,5,7,1942,0,0,0,O,0,15A68,MAGNOLIA BL,LAUREL CANYON BL,330,W,N,A,-,N,,,,,,,,,,N,4,0,1,2,A,-,21,22106,,N,G,B,F,A,H,-,A,D,0,Y,,,,Y,,A,1,0,0,1,0,1,0,0,0,0,- ,- ,,,LOS ANGELES,LOS ANGELES,-118.3975906,34.16488266
8890767,2019,7/19/2019,1928,6/25/2019,1929,353,501,2,5,5,1928,0,0,0,,0,501,EL SEGUNDO BL,HAWTHORNE BL,0,,Y,A,-,N,,,,,,,,,,N,4,0,1,2,A,-,10,21950,A,N,G,B,B,A,H,-,C,A,0,Y,,,,Y,,A,1,0,0,1,0,1,0,0,0,0,- ,- ,33.91641998,-118.3525467,LOS ANGELES,HAWTHORNE,-118.3526993,33.91641998
8890796,2019,7/19/2019,1972,5/28/2019,1057,1555,,2,5,6,1972,0,0,0,,0,,HAWTHORNE BL,190TH ST,300,S,N,A,-,N,,,,,,,,,,N,4,0,1,2,A,-,10,21952,,N,G,B,F,A,H,-,A,D,0,Y,,,,Y,,A,,0,0,1,0,1,0,0,0,0,- ,- ,,,LOS ANGELES,TORRANCE,-118.3538361,33.85744476
8891097,2019,7/12/2019,1942,6/23/2019,2250,43838,985,7,5,7,1942,0,0,0,I,0,9A37,MILBANK ST,SYLMAR AV,125,E,N,A,-,N,,,,,,,,,,N,3,0,1,2,A,-,10,21954,B,F,G,B,D,A,H,-,C,A,0,Y,,,,Y,,-,99,0,1,0,0,1,0,0,0,0,- ,- ,,,LOS ANGELES,LOS ANGELES,-118.4461365,34.15302277
8891431,2019,7/17/2019,1942,5/15/2019,1010,38050,174,3,5,7,1942,0,0,0,A,0,1A85,EAST 7TH ST,S MAIN ST,50,W,N,B,-,N,,,,,,,,,,N,3,0,1,2,A,-,21,22106,,N,G,B,E,A,H,-,A,D,0,Y,,,,Y,,I,20,0,1,0,0,1,0,0,0,0,- ,- ,,,LOS ANGELES,LOS ANGELES,-118.2513809,34.04393005
8892110,2019,7/31/2019,1942,6/28/2019,235,42735,1684,5,5,7,1942,0,0,0,P,0,16A81,STAGG ST,LANKERSHIM,20,W,N,A,-,N,,,,,,,,,,N,3,0,1,2,A,-,11,21954,A,N,C,B,D,A,H,-,C,D,0,Y,,,,Y,,N,60,0,1,0,0,1,0,0,0,0,- ,- ,,,LOS ANGELES,LOS ANGELES,-118.3878479,34.21210098
8892253,2019,7/11/2019,1920,4/30/2019,1730,10216,,2,5,6,1920,0,0,0,,0,5,TELEGRAPH RD,STAMPS RD,60,W,N,A,-,N,,,,,,,,,,N,3,0,1,2,A,-,11,21954,A,M,G,B,F,A,H,-,A,D,0,Y,,,,Y,,N,60,0,1,0,0,1,0,0,0,0,- ,- ,,,LOS ANGELES,DOWNEY,-118.1124115,33.9633522
8892281,2019,7/11/2019,1942,4/2/2019,1844,43582,1351,2,5,7,1942,0,0,0,M,0,13A28,43RD ST,OLIVE ST,4,W,N,A,-,N,,,,,,,,,,N,3,0,1,2,A,-,10,21950,A,N,D,B,B,A,H,-,B,D,0,Y,,,,Y,,A,7,0,1,0,0,1,0,0,0,0,- ,- ,,,LOS ANGELES,LOS ANGELES,-118.2794952,34.0055809
8892654,2019,8/13/2019,1942,7/7/2019,2110,36336,2126,7,5,7,1942,0,0,0,,0,21A27,ROSCOE BL,DEERING AV,15,W,N,A,-,N,,,,,,,,,,N,2,0,2,2,A,-,11,21955,,N,G,B,D,A,H,-,C,A,0,Y,,,,Y,Y,N,60,1,0,1,0,1,0,0,0,0,- ,- ,,,LOS ANGELES,LOS ANGELES,-118.5951462,34.21986008
8893295,2019,7/23/2019,1942,6/25/2019,1545,38326,1798,2,5,7,1942,0,0,0,Q,0,19A61,NORDHOFF ST,ORION AV,310,W,N,A,-,N,,,,,,,,,,N,4,0,1,2,A,-,11,21955,,N,G,B,D,A,H,-,A,D,0,Y,,,,Y,,N,60,0,0,1,0,1,0,0,0,0,- ,- ,,,LOS ANGELES,LOS ANGELES,-118.4729767,34.23556137
8893345,2019,8/1/2019,1941,7/7/2019,1333,18996,,7,5,7,1941,0,0,0,,0,,ELM AV,HILL ST,60,S,N,A,-,N,,,,,,,,,,N,4,0,1,4,A,-,5,21651,C,F,B,B,E,A,H,-,A,D,0,Y,,,,Y,,A,,0,0,1,0,1,0,0,0,0,- ,- ,,,LOS ANGELES,LONG BEACH,-118.1882629,33.79695511
8893466,2019,8/1/2019,1942,7/9/2019,1300,38017,1008,2,5,7,1942,0,0,0,J,0,35M44W,ARMINTA ST,WOODLEY AV,30,E,N,A,-,N,,,,,,,,,,N,4,0,1,2,A,-,8,22107,,F,B,B,D,A,H,-,A,D,0,Y,,,,Y,,-,99,0,0,1,0,1,0,0,0,0,- ,- ,,,LOS ANGELES,LOS ANGELES,-118.4835892,34.21389008
8893589,2019,8/12/2019,1942,6/25/2019,2106,41983,362,2,5,7,1942,0,0,0,C,0,3A63,MARTIN LUTHER KING JR BL,COLISEUM ST,10,E,N,A,-,N,,,,,,,,,,Y,2,0,1,2,A,-,10,21950,A,F,G,B,E,A,H,-,C,D,0,Y,,,,Y,,-,99,1,0,0,0,1,0,0,0,0,- ,- ,,,LOS ANGELES,LOS ANGELES,-118.3459473,34.01746368
8893593,2019,8/12/2019,1942,6/27/2019,1945,42665,361,4,5,7,1942,0,0,0,C,0,25TL25,OBAMA BL,LA BREA AV,86,E,N,A,-,N,,,,,,,,,,N,4,0,1,2,B,-,22,,,N,G,B,F,A,H,-,C,D,0,Y,,,,Y,,A,7,0,0,1,0,1,0,0,0,0,- ,- ,,,LOS ANGELES,LOS ANGELES,-118.355321,34.021517
8894187,2019,7/12/2019,1942,6/25/2019,1125,38688,834,2,5,7,1942,0,0,0,H,0,14T47,WESTHOLME AV,WILSHIRE BL,38,S,N,A,-,N,,,,,,,,,,N,4,0,1,2,A,-,10,21950,A,N,G,B,B,A,H,-,A,A,0,Y,,,,Y,,A,1,0,0,1,0,1,0,0,0,0,- ,- ,,,LOS ANGELES,LOS ANGELES,-118.4336243,34.06142044
8894199,2019,8/19/2019,1942,6/19/2019,2245,40733,852,3,5,7,1942,0,0,0,H,0,8A29,SANTA MONICA BL,BARRINGTON AV,0,,Y,A,-,N,,,,,,,,,,Y,3,0,2,3,A,-,12,21453,A,N,D,B,F,A,H,-,C,A,0,Y,,,,Y,,-,- ,0,1,1,0,1,0,0,0,0,- ,- ,,,LOS ANGELES,LOS ANGELES,-118.4560318,34.04373932