CASE_ID,ACCIDENT_YEAR,PROC_DATE,JURIS,COLLISION_DATE,COLLISION_TIME,OFFICER_ID,REPORTING_DISTRICT,DAY_OF_WEEK,CHP_SHIFT,POPULATION,CNTY_CITY_LOC,SPECIAL_COND,BEAT_TYPE,CHP_BEAT_TYPE,CITY_DIVISION_LAPD,CHP_BEAT_CLASS,BEAT_NUMBER,PRIMARY_RD,SECONDARY_RD,DISTANCE,DIRECTION,INTERSECTION,WEATHER_1,WEATHER_2,STATE_HWY_IND,CALTRANS_COUNTY,CALTRANS_DISTRICT,STATE_ROUTE,ROUTE_SUFFIX,POSTMILE_PREFIX,POSTMILE,LOCATION_TYPE,RAMP_INTERSECTION,SIDE_OF_HWY,TOW_AWAY,COLLISION_SEVERITY,NUMBER_KILLED,NUMBER_INJURED,PARTY_COUNT,PRIMARY_COLL_FACTOR,PCF_CODE_OF_VIOL,PCF_VIOL_CATEGORY,PCF_VIOLATION,PCF_VIOL_SUBSECTION,HIT_AND_RUN,TYPE_OF_COLLISION,MVIW,PED_ACTION,ROAD_SURFACE,ROAD_COND_1,ROAD_COND_2,LIGHTING,CONTROL_DEVICE,CHP_ROAD_TYPE,PEDESTRIAN_ACCIDENT,BICYCLE_ACCIDENT,MOTORCYCLE_ACCIDENT,TRUCK_ACCIDENT,NOT_PRIVATE_PROPERTY,ALCOHOL_INVOLVED,STWD_VEHTYPE_AT_FAULT,CHP_VEHTYPE_AT_FAULT,COUNT_SEVERE_INJ,COUNT_VISIBLE_INJ,COUNT_COMPLAINT_PAIN,COUNT_PED_KILLED,COUNT_PED_INJURED,COUNT_BICYCLIST_KILLED,COUNT_BICYCLIST_INJURED,COUNT_MC_KILLED,COUNT_MC_INJURED,PRIMARY_RAMP,SECONDARY_RAMP,LATITUDE,LONGITUDE,COUNTY,CITY,POINT_X,POINT_Y
8953015,2019,10/17/2019,1942,9/27/2019,1930,30702,905,5,5,7,1942,0,0,0,I,0,9A5,VAN NUYS BL,WYANDOTTE ST,55,S,N,A,-,N,,,,,,,,,,N,4,0,1,2,B,-,22,,,N,G,B,F,A,H,-,A,D,0,Y,,,,Y,,A,1,0,0,1,0,1,0,0,0,0,- ,- ,,,LOS ANGELES,LOS ANGELES,-118.4487534,34.20282745
8953020,2019,10/17/2019,1976,9/17/2019,1616,498,,2,5,5,1976,0,0,0,,0,1,BEVERLY BL,NORWALK BL,252,E,N,A,-,N,,,,,,,,,,Y,2,0,2,3,A,-,1,23152,A,F,E,I,F,A,H,-,A,D,0,Y,,,,Y,Y,A,1,1,0,1,0,1,0,0,0,0,- ,- ,,,LOS ANGELES,WHITTIER,-118.0549774,33.99808121
8953100,2019,10/18/2019,1925,9/23/2019,1512,20089,279,1,5,6,1925,0,0,0,,0,3,ACACIA AV,GLENDALE AV,230,W,N,A,-,N,,,,,,,,,,N,4,0,1,2,A,-,11,21954,A,N,G,B,D,A,H,-,A,D,0,Y,,,,Y,,N,60,0,0,1,0,1,0,0,0,0,- ,- ,,,LOS ANGELES,GLENDALE,-118.2525482,34.13476181
8953108,2019,10/18/2019,1925,9/29/2019,2002,27561,3,7,5,6,1925,0,0,0,,0,238,ADAMS ST,BROADWAY,0,,Y,A,-,N,,,,,,,,,,N,4,0,1,2,A,-,0,22106,A,F,G,B,B,A,H,-,B,A,0,Y,,,,Y,,-,,0,0,1,0,1,0,0,0,0,- ,- ,,,LOS ANGELES,GLENDALE,-118.2418213,34.14625931
8953215,2019,11/26/2019,1902,10/3/2019,1510,779,11,4,5,5,1902,0,0,0,,0,1,2ND AV,COLORADO BL,0,,Y,A,-,N,,,,,,,,,,N,3,0,1,2,A,-,11,21954,A,N,G,B,E,A,H,-,A,D,0,Y,,,,Y,,N,60,0,1,0,0,1,0,0,0,0,- ,- ,,,LOS ANGELES,ARCADIA,-118.0253067,34.14558029
8953475,2019,10/18/2019,1942,9/17/2019,710,34332,212,2,5,7,1942,0,0,0,B,0,2A5,CLINTON ST,N WESTMORELAND AV,0,,Y,A,-,N,,,,,,,,,,N,3,0,1,3,A,-,10,21950,A,N,-,B,B,-,H,-,A,A,0,Y,,,,Y,,A,1,0,1,0,0,1,0,0,0,0,- ,- ,,,LOS ANGELES,LOS ANGELES,-118.2880173,34.08179092
8953483,2019,12/3/2019,1942,9/21/2019,1500,41923,1303,6,5,7,1942,0,0,0,M,0,1321,12TH ST,MAPLE AV,100,E,N,A,-,N,,,,,,,,,,N,4,0,1,2,A,-,21,22106,,N,G,B,E,A,H,-,A,D,0,Y,,,,Y,,A,1,0,0,1,0,1,0,0,0,0,- ,- ,,,LOS ANGELES,LOS ANGELES,-118.256073,34.03549576
8953516,2019,10/18/2019,1942,9/26/2019,2310,25116,111,4,5,7,1942,0,0,0,A,0,1A1,N LOS ANGELES ST,ARCADIA ST,0,,Y,A,-,N,,,,,,,,,,N,4,0,1,2,A,-,11,21954,A,N,G,B,B,A,H,-,C,D,0,Y,,,,Y,,A,1,0,0,1,0,1,0,0,0,0,- ,- ,,,LOS ANGELES,LOS ANGELES,-118.2391891,34.05527878
8953554,2019,10/16/2019,1920,9/20/2019,623,12609,1920,5,5,6,1920,0,0,0,,0,2,STEWART AND GRAY RD,PERNELL AV,0,,Y,A,-,N,,,,,,,,,,N,4,0,1,2,D,-,0,,,N,G,B,E,A,H,-,A,D,0,Y,,,,Y,,-,- ,0,0,1,0,1,0,0,0,0,- ,- ,,,LOS ANGELES,DOWNEY,-118.159668,33.94311905
8953602,2019,10/10/2019,1900,9/9/2019,925,519514,2607,1,5,6,1950,0,0,0,,0,263T1,42ND ST EAST,TRENTON AV,0,,Y,A,-,N,,,,,,,,,,N,3,0,1,2,A,-,21,22106,,N,C,B,F,A,H,-,A,D,0,Y,,,,Y,,A,1,0,1,0,0,1,0,0,0,0,- ,- ,34.56349945,-118.0539017,LOS ANGELES,PALMDALE,-118.0539017,34.56328201
8953634,2019,10/10/2019,1900,9/9/2019,1510,407357,623,1,5,6,1985,0,0,0,,0,62T1,TOURNAMENT RD,GOLF COURSE RD,0,,Y,A,-,N,,,,,,,,,,N,4,0,1,2,A,-,10,21950,A,N,G,B,B,A,H,-,A,A,0,Y,,,,Y,,A,1,0,0,1,0,1,0,0,0,0,- ,- ,34.39041901,-118.5588837,LOS ANGELES,SANTA CLARITA,-118.5588531,34.39041138
8953635,2019,10/11/2019,1955,9/18/2019,750,41484,44,3,5,6,1955,0,0,0,,0,1,DUDLEY ST,ARROYO AV,11,E,N,A,-,N,,,,,,,,,,N,4,0,1,2,A,-,10,21950,A,N,G,B,B,A,H,-,A,A,0,Y,,,,Y,,A,1,0,0,1,0,1,0,0,0,0,- ,- ,,,LOS ANGELES,POMONA,-117.7775345,34.06658936
8953658,2019,3/11/2020,1900,9/4/2019,1405,626575,613,3,5,6,1985,0,0,0,,0,61T1,SOLEDAD CANYON RD,WHITES CANYON RD,255,E,N,A,-,N,,,,,,,,,,N,4,0,1,2,A,-,10,21950,A,N,G,B,C,A,H,-,A,D,0,Y,,,,Y,,A,1,0,0,1,0,1,0,0,0,0,- ,- ,34.41469955,-118.4705963,LOS ANGELES,SANTA CLARITA,-118.4713287,34.41572189
8953669,2019,10/10/2019,1900,9/18/2019,1449,520671,2924,3,5,5,1990,0,0,0,,0,292T1,DIAMOND BAR BL,QUAIL SUMMIT DR,0,,Y,A,-,N,,,,,,,,,,N,3,0,1,2,A,-,10,21950,A,N,G,B,B,A,H,-,A,A,0,Y,,,,Y,,A,7,0,1,0,0,1,0,0,0,0,- ,- ,33.99676132,-117.8134689,LOS ANGELES,DIAMOND BAR,-117.8136292,33.99679184
8953682,2019,10/9/2019,1920,8/20/2019,2211,13022,,2,5,6,1920,0,0,0,,0,3,FLORENCE AV,TECUM RD,291,E,N,A,-,N,,,,,,,,,,N,4,0,1,2,B,-,22,,,N,G,B,F,A,H,-,C,D,0,Y,,,,Y,Y,A,1,0,0,1,0,1,0,0,0,0,- ,- ,,,LOS ANGELES,DOWNEY,-118.1396942,33.95842361
8954166,2019,10/11/2019,1942,8/30/2019,2130,42529,333,5,5,7,1942,0,0,0,,0,3A31,CRENSHAW BL,29TH ST,20,N,N,A,-,N,,,,,,,,,,N,3,0,1,2,A,-,10,21952,,N,G,B,-,A,-,-,C,D,0,Y,,,,Y,,A,1,0,1,0,0,1,0,0,0,0,- ,- ,,,LOS ANGELES,LOS ANGELES,-118.3350983,34.02951431
8954194,2019,10/11/2019,1942,8/24/2019,1100,42089,221,6,5,7,1942,0,0,0,B,0,2A1 W8,HELIOTROPE DR,ROSEWOOD,40,S,N,A,-,N,,,,,,,,,,N,4,0,1,2,A,-,9,21804,A,N,C,B,F,A,H,-,A,D,0,Y,,,,Y,,A,1,0,0,1,0,1,0,0,0,0,- ,- ,,,LOS ANGELES,LOS ANGELES,-118.2956924,34.07897568
8954211,2019,10/14/2019,1942,8/13/2019,2500,37934,265,2,5,7,1942,0,0,0,B,0,2A75,S WESTLAKE AV,W 8TH ST,0,,Y,A,-,N,,,,,,,,,,N,4,0,1,2,A,-,3,22350,,N,B,G,E,A,H,-,C,A,0,Y,,,,Y,,A,1,0,0,1,0,1,0,0,0,0,- ,- ,,,LOS ANGELES,LOS ANGELES,-118.2766724,34.05435944
8954270,2019,10/9/2019,1901,8/15/2019,2117,296,12,4,5,5,1901,0,0,0,,0,2,ALMANSOR ST,LOS HIGOS AV,3,N,N,A,-,N,,,,,,,,,,N,3,0,1,2,A,-,10,21950,A,N,G,B,B,A,H,-,C,A,0,Y,,,,Y,,A,1,0,1,0,0,1,0,0,0,0,- ,- ,,,LOS ANGELES,ALHAMBRA,-118.1169434,34.08572769
8954894,2019,10/14/2019,1941,7/25/2019,840,11359,,4,5,7,1941,0,0,0,,0,,LIVINGSTON DR,2ND ST,0,,Y,-,-,N,,,,,,,,,,,4,0,1,2,-,-,- ,,,F,D,B,B,-,-,-,-,B,0,Y,,,,Y,,-,- ,0,0,1,0,1,0,0,0,0,- ,- ,,,LOS ANGELES,LONG BEACH,-118.1396332,33.76231003
8955108,2019,10/21/2019,1941,9/14/2019,847,10947,,6,5,7,1941,0,0,0,,0,,LONG BEACH BL,53RD ST,0,,Y,A,-,N,,,,,,,,,,N,4,0,1,2,A,-,12,21453,A,F,D,B,B,A,H,-,A,A,0,Y,,,,Y,,-,,0,0,1,0,1,0,0,0,0,- ,- ,,,LOS ANGELES,LONG BEACH,-118.1959381,33.85242844
8955144,2019,10/15/2019,1900,9/12/2019,746,607713,1613,4,5,5,1977,0,0,0,,0,164T,VICTORIA ST,BISHOP AV,0,,Y,A,-,N,,,,,,,,,,N,3,0,1,2,A,-,11,21456,B,N,G,B,B,A,H,-,A,A,0,Y,,,,Y,,N,60,0,1,0,0,1,0,0,0,0,- ,- ,,,LOS ANGELES,CARSON,-118.2426605,33.86766052
8955160,2019,10/15/2019,1941,9/30/2019,1645,11230,,1,5,7,1941,0,0,0,,0,,70TH ST,ORANGE AV,402,W,-,A,-,N,,,,,,,,,,N,4,0,1,2,A,-,11,21954,A,N,-,B,D,A,H,-,A,D,0,Y,,,,Y,,N,,0,0,1,0,1,0,0,0,0,- ,- ,,,LOS ANGELES,LONG BEACH,-118.1787643,33.88183212
8955172,2019,10/14/2019,1941,9/24/2019,1202,11080,,2,5,7,1941,0,0,0,,0,,OCEAN BL,CHERRY AV,0,,Y,A,-,N,,,,,,,,,,N,3,0,1,2,A,-,10,21950,A,N,G,B,B,A,H,-,A,A,0,Y,,,,Y,,A,,0,1,0,0,1,0,0,0,0,- ,- ,,,LOS ANGELES,LONG BEACH,-118.1684265,33.76451111
8955200,2019,10/14/2019,1941,9/29/2019,1901,6321,,7,5,7,1941,0,0,0,,0,,7TH ST,ALMOND AV,6,E,N,A,-,N,,,,,,,,,,N,2,0,1,2,A,-,11,21954,A,N,G,B,D,A,H,-,C,D,0,Y,,,,Y,,N,,1,0,0,0,1,0,0,0,0,- ,- ,,,LOS ANGELES,LONG BEACH,-118.1747131,33.77534103
8955249,2019,10/22/2019,1941,9/29/2019,18,11338,,7,5,7,1941,0,0,0,,0,,7TH ST,MARTIN LUTHER KING JR AV,33,W,N,A,-,N,,,,,,,,,,N,2,0,1,2,A,-,11,21954,A,N,G,B,D,A,H,-,C,A,0,Y,,,,Y,,N,,1,0,0,0,1,0,0,0,0,- ,- ,,,LOS ANGELES,LONG BEACH,-118.1807861,33.77534103
8955253,2019,10/22/2019,1941,9/23/2019,645,10807,,1,5,7,1941,0,0,0,,0,,PACIFIC AV,WILLOW ST,0,,Y,A,-,N,,,,,,,,,,N,4,0,1,2,A,-,8,22107,,M,H,B,B,A,H,-,A,A,0,Y,,,,Y,,A,,0,0,1,0,1,0,0,0,0,- ,- ,,,LOS ANGELES,LONG BEACH,-118.1937103,33.80445099
8955287,2019,10/16/2019,1907,9/3/2019,2300,238,1,2,5,4,1907,0,0,0,,0,,FLORENCE AV,CORONA AV,0,,Y,A,-,N,,,,,,,,,,N,4,0,1,2,A,-,10,21950,A,M,G,B,B,A,H,-,C,D,0,Y,,,,Y,,A,1,0,0,1,0,1,0,0,0,0,- ,- ,33.97085953,-118.1965332,LOS ANGELES,BELL,-118.1968079,33.971241
8955351,2019,10/16/2019,1951,9/21/2019,1928,736,701,6,5,3,1951,0,0,0,,0,7L21,PALOS VERDES DR W,VIA CARRILLO,0,,Y,A,-,N,,,,,,,,,,N,3,0,1,2,A,-,10,21950,A,N,G,B,B,A,H,-,D,D,0,Y,,,,Y,,A,1,0,1,0,0,1,0,0,0,0,- ,- ,,,LOS ANGELES,PALOS VERDES EST,-118.4171371,33.77560043
8955522,2019,10/21/2019,1909,10/5/2019,1828,593,1909,6,5,4,1909,0,0,0,,0,SOUTH,EASTERN AV,EASTERN,25,S,N,A,-,N,,,,,,,,,,Y,4,0,1,2,A,-,10,21950,,N,G,B,B,A,H,-,A,A,0,Y,,,,Y,,A,1,0,0,1,0,1,0,0,0,0,- ,- ,,,LOS ANGELES,BELL GARDENS,-118.1657333,33.96110153
8955930,2019,10/18/2019,1907,8/27/2019,749,193,2,2,5,4,1907,0,0,0,,0,,ATLANTIC AV,RANDOLPH ST,2,,N,A,-,N,,,,,,,,,,N,3,0,1,2,A,-,10,21950,A,F,G,B,B,A,H,-,A,A,0,Y,,,,Y,,A,1,0,1,0,0,1,0,0,0,0,- ,- ,33.98134995,-118.1865311,LOS ANGELES,BELL,-118.18647,33.98136139
8955996,2019,10/18/2019,1942,10/8/2019,2120,40209,2036,2,5,7,1942,0,0,0,,0,20A45,WILSHIRE BL,CATALINA ST,45,W,N,A,-,N,,,,,,,,,,N,3,0,1,2,A,-,11,21955,,N,G,B,D,A,H,-,C,A,0,Y,,,,Y,Y,N,60,0,1,0,0,1,0,0,0,0,- ,- ,,,LOS ANGELES,LOS ANGELES,-118.2955475,34.06175995
8956172,2019,10/21/2019,1941,10/4/2019,1050,11244,,5,5,7,1941,0,0,0,,0,,OCEAN BL,ELM AV,6,E,N,A,-,N,,,,,,,,,,N,3,0,1,2,A,-,10,21950,A,N,B,B,B,A,H,-,A,A,0,Y,,,,Y,,A,,0,1,0,0,1,0,0,0,0,- ,- ,,,LOS ANGELES,LONG BEACH,-118.1876221,33.76672745
8956191,2019,10/22/2019,1942,10/4/2019,910,43681,2039,5,5,7,1942,0,0,0,,0,20A71,WILSHIRE BL,WESTMORELAND AV,0,,Y,A,-,N,,,,,,,,,,N,4,0,1,2,A,-,12,21453,A,N,D,B,B,A,H,-,A,A,0,Y,,,,Y,,A,1,0,0,1,0,1,0,0,0,0,- ,- ,,,LOS ANGELES,LOS ANGELES,-118.2890778,34.06184006
8956196,2019,10/30/2019,1941,10/3/2019,650,11394,,4,5,7,1941,0,0,0,,0,,JUNIPERO AV,PCH,0,,Y,A,-,N,,,,,,,,,,N,4,0,1,2,A,-,10,21950,A,F,G,B,C,A,H,-,A,A,0,Y,,,,Y,,A,,0,0,1,0,1,0,0,0,0,- ,- ,,,LOS ANGELES,LONG BEACH,-118.1633377,33.78985977
8956199,2019,10/22/2019,1942,10/3/2019,1700,42232,2099,4,5,7,1942,0,0,0,,0,20A36,W 20TH,HOOVER,0,,Y,A,-,N,,,,,,,,,,N,4,0,1,2,A,-,10,21950,A,N,G,B,B,A,H,-,A,A,0,Y,,,,Y,,A,1,0,0,1,0,1,0,0,0,0,- ,- ,,,LOS ANGELES,LOS ANGELES,-118.2840424,34.03812027
8956244,2019,10/21/2019,1942,9/20/2019,1630,41059,2034,5,5,7,1942,0,0,0,,0,20A1,HARVARD BL,8TH ST,0,,Y,A,-,N,,,,,,,,,,N,4,0,1,2,A,-,11,21956,A,N,G,B,B,A,H,-,A,A,0,Y,,,,Y,,A,1,0,0,1,0,1,0,0,0,0,- ,- ,,,LOS ANGELES,LOS ANGELES,-118.3041687,34.05768967
8956261,2019,10/18/2019,1942,9/16/2019,350,40690,663,1,5,7,1942,0,0,0,F,0,6A63,N MC CADDEN PL,SANTA MONICA BL,16,N,N,A,-,N,,,,,,,,,,N,2,0,1,2,C,-,18,,,F,G,B,D,A,H,-,C,D,0,Y,,,,Y,,-,- ,1,0,0,0,1,0,0,0,0,- ,- ,,,LOS ANGELES,LOS ANGELES,-118.3374405,34.09074402
8956273,2019,10/18/2019,1942,9/23/2019,145,43304,657,1,5,7,1942,0,0,0,F,0,6A76,SANTA MONICA BL,ST ANDREWS,0,,Y,A,-,N,,,,,,,,,,N,3,0,2,3,A,-,10,21950,,N,G,B,B,A,H,-,C,D,0,Y,,,,Y,Y,-,99,0,2,0,0,2,0,0,0,0,- ,- ,,,LOS ANGELES,LOS ANGELES,-118.3113937,34.09075928
8956281,2019,10/18/2019,1942,9/8/2019,2000,42471,1258,7,5,7,1942,0,0,0,L,0,25T29,79TH ST,S MAIN ST,310,E,N,A,-,N,,,,,,,,,,Y,4,0,1,5,A,-,3,22350,,F,C,E,E,A,H,-,C,D,0,Y,,,,Y,,A,1,0,0,1,0,1,0,0,0,0,- ,- ,,,LOS ANGELES,LOS ANGELES,-118.2728882,33.96787262
8956311,2019,10/21/2019,1942,9/24/2019,2255,41957,669,2,5,7,1942,0,0,0,F,0,6A79,WESTERN AV,N VIRGINIA AV,0,,Y,A,-,N,,,,,,,,,,N,3,0,1,2,A,-,10,21950,A,N,G,B,B,A,H,-,C,A,0,Y,,,,Y,,A,7,0,1,0,0,1,0,0,0,0,- ,- ,,,LOS ANGELES,LOS ANGELES,-118.3091888,34.09189987
8956317,2019,10/18/2019,1942,9/21/2019,1325,38662,1821,6,5,7,1942,0,0,0,R,0,18A41,101ST ST,DENVER AV,0,,Y,A,-,N,,,,,,,,,,N,3,0,1,2,A,-,11,21956,A,F,G,B,E,A,H,-,A,D,0,Y,,,,Y,Y,N,60,0,1,0,0,1,0,0,0,0,- ,- ,,,LOS ANGELES,LOS ANGELES,-118.2847824,33.94462967
8956353,2019,10/21/2019,1942,9/24/2019,535,40690,2038,2,5,7,1942,0,0,0,,0,20A45,S VERMONT AV,WILSHIRE BL,268,N,N,A,-,N,,,,,,,,,,N,2,0,1,2,A,-,11,21954,A,N,G,B,C,A,H,-,C,D,0,Y,,,,Y,,N,60,1,0,0,0,1,0,0,0,0,- ,- ,,,LOS ANGELES,LOS ANGELES,-118.2916641,34.06253433
8956372,2019,11/8/2019,1942,9/11/2019,1400,37304,935,3,5,7,1942,0,0,0,I,0,9A41,VICTORY BL,VAN NUYS BL,12,E,N,A,-,N,,,,,,,,,,N,4,0,1,2,A,-,10,21950,A,N,G,B,B,A,H,-,A,A,0,Y,,,,Y,,A,1,0,0,1,0,1,0,0,0,0,- ,- ,,,LOS ANGELES,LOS ANGELES,-118.4487,34.1866684
8956373,2019,10/21/2019,1942,9/19/2019,2215,41957,2004,4,5,7,1942,0,0,0,,0,20A13,OXFORD AV,OAKWOOD AV,0,,Y,A,-,N,,,,,,,,,,N,4,0,1,2,A,-,10,21950,A,N,G,B,B,A,H,-,C,A,0,Y,,,,Y,,A,1,0,0,1,0,1,0,0,0,0,- ,- ,,,LOS ANGELES,LOS ANGELES,-118.3079834,34.07762146
8956895,2019,10/18/2019,1969,9/2/2019,2122,10106,PATRO,1,5,5,1969,0,0,0,,0,4,TWEEDY LN,ALEXANDER AV,0,,Y,A,-,N,,,,,,,,,,Y,3,0,1,4,A,-,9,21801,A,N,A,C,F,A,H,-,C,A,0,Y,,,,Y,,A,1,0,1,0,0,1,0,0,0,0,- ,- ,,,LOS ANGELES,SOUTH GATE,-118.1945496,33.94300079
8956927,2019,10/31/2019,1900,9/2/2019,1100,634170,250,1,5,4,1945,0,0,0,,0,26,DOWNEY RD,SLAUSON AV,0,,Y,A,-,N,,,,,,,,,,N,2,0,1,2,A,-,11,21954,A,N,G,B,D,A,H,-,A,A,0,Y,,,,Y,,N,60,1,0,0,0,1,0,0,0,0,- ,- ,,,LOS ANGELES,MAYWOOD,-118.2045288,33.98910141
8957290,2019,10/17/2019,1918,1/24/2019,1415,798,,4,5,4,1918,0,0,0,,0,4T24,BRISTOL PKWY,GREEN VALLEY CIR,0,,Y,A,-,N,,,,,,,,,,N,3,0,1,2,A,-,10,21950,A,N,G,B,B,A,H,-,A,A,0,Y,,,,Y,,A,1,0,1,0,0,1,0,0,0,0,- ,- ,33.98355103,-118.3908997,LOS ANGELES,CULVER CITY,-118.3909225,33.98355103
8957291,2019,10/17/2019,1918,2/7/2019,1805,701,1918,4,5,4,1918,0,0,0,,0,4T5,BRISTOL PKWY,HANNUM AV,0,,Y,A,-,N,,,,,,,,,,N,3,0,1,2,A,-,10,21950,A,N,G,B,B,A,H,-,C,A,0,Y,,,,Y,,A,7,0,1,0,0,1,0,0,0,0,- ,- ,33.98717117,-118.3867035,LOS ANGELES,CULVER CITY,-118.3867874,33.98720932
8957306,2019,10/30/2019,1918,1/15/2019,1735,799,2,2,5,4,1918,0,0,0,,0,4M9,WASHINGTON PL,SEPULVEDA BL,9,W,N,B,C,N,,,,,,,,,,N,4,0,1,2,A,-,10,21950,A,N,G,B,B,B,H,-,C,A,0,Y,,,,Y,,A,7,0,0,1,0,1,0,0,0,0,- ,- ,34.00881958,-118.4139633,LOS ANGELES,CULVER CITY,-118.4139709,34.00878525
8957488,2019,10/17/2019,1941,10/4/2019,1911,5615,,5,5,7,1941,0,0,0,,0,,3RD ST,LOMA AV,0,,Y,A,-,N,,,,,,,,,,N,4,0,1,2,A,-,10,21950,A,N,H,B,D,A,H,-,C,A,0,Y,,,,Y,,A,,0,0,1,0,1,0,0,0,0,- ,- ,,,LOS ANGELES,LONG BEACH,-118.1502686,33.76808167
8957500,2019,10/25/2019,1941,10/2/2019,2113,3C82,,3,5,7,1941,0,0,0,,0,,ATLANTIC AV,ARTESIA BL,0,,-,A,-,N,,,,,,,,,,Y,4,0,1,2,A,-,3,22350,,N,A,I,-,A,H,-,C,D,0,Y,,,,Y,,A,,0,0,1,0,1,0,0,0,0,- ,- ,,,LOS ANGELES,LONG BEACH,-118.1861801,33.8743782
8957520,2019,10/17/2019,1941,10/1/2019,2100,5930,,2,5,7,1941,0,0,0,,0,,ELM AV,WILLOW ST,6,S,N,A,-,N,,,,,,,,,,N,4,0,1,2,A,-,10,21950,A,N,H,B,B,A,H,-,C,A,0,Y,,,,Y,,A,,0,0,1,0,1,0,0,0,0,- ,- ,,,LOS ANGELES,LONG BEACH,-118.1882629,33.80444336
8957584,2019,10/23/2019,1942,10/9/2019,840,27792,1513,3,5,7,1942,0,0,0,O,0,15A21,WHITSETT AV,VOSE ST,0,,Y,A,-,N,,,,,,,,,,N,2,0,1,2,A,-,10,21950,A,N,G,B,B,A,H,-,A,A,0,Y,,,,Y,,A,1,1,0,0,0,1,0,0,0,0,- ,- ,,,LOS ANGELES,LOS ANGELES,-118.4052582,34.198452
8958037,2019,11/1/2019,1942,6/11/2019,1505,43705,1203,2,5,7,1942,0,0,0,L,0,12A31,VERNON AV,WESTERN AV,10,W,N,A,-,N,,,,,,,,,,N,2,0,1,4,A,-,3,22350,,N,D,C,E,A,H,-,A,D,0,Y,,,,Y,,A,1,1,0,0,0,1,0,0,0,0,- ,- ,,,LOS ANGELES,LOS ANGELES,-118.30896,34.00371933
8958055,2019,10/15/2019,1941,9/26/2019,2314,10729,,4,5,7,1941,0,0,0,,0,,PACIFIC COAST HWY,JUDSON AV,15,E,N,A,-,N,,,,,,,,,,N,3,0,1,2,A,-,8,22107,,N,A,B,B,A,H,-,C,A,0,Y,,,,Y,,A,,0,1,0,0,1,0,0,0,0,- ,- ,,,LOS ANGELES,LONG BEACH,-118.2213287,33.78985977
8958063,2019,10/15/2019,1941,9/28/2019,215,6179,,6,5,7,1941,0,0,0,,0,,BROADWAY,TRIBUNE CT,14,W,N,A,-,N,,,,,,,,,,N,4,0,2,3,A,-,11,21954,A,N,G,B,D,A,H,-,C,D,0,Y,,,,Y,Y,N,,0,0,2,0,2,0,0,0,0,- ,- ,,,LOS ANGELES,LONG BEACH,-118.1917648,33.76931
8958184,2019,10/30/2019,1942,9/7/2019,1630,43296,1273,6,5,7,1942,0,0,0,L,0,12X4W7,87TH ST,HARVARD BL,2,E,N,A,-,N,,,,,,,,,,N,4,0,1,2,A,-,12,22450,A,F,G,B,B,A,H,-,A,D,0,Y,,,,Y,,-,99,0,0,1,0,1,0,0,0,0,- ,- ,,,LOS ANGELES,LOS ANGELES,-118.3068466,33.95898819
8958305,2019,10/22/2019,1942,9/27/2019,1600,40008,497,5,5,7,1942,0,0,0,D,0,4A97,E OLYMPIC BL,CAMULOS ST,0,,Y,A,-,N,,,,,,,,,,N,3,0,1,2,A,-,11,21954,A,N,G,B,D,A,H,-,A,D,0,Y,,,,Y,,N,60,0,1,0,0,1,0,0,0,0,- ,- ,,,LOS ANGELES,LOS ANGELES,-118.2156525,34.02246857
8958734,2019,11/1/2019,1910,10/6/2019,1447,3494,,7,5,4,1910,0,0,0,,0,5,SPALDING DR,GREGORY WY,0,,Y,A,-,N,,,,,,,,,,,3,0,1,2,A,-,10,21950,A,N,G,B,B,A,H,-,A,A,0,Y,,,,Y,,A,1,0,1,0,0,1,0,0,0,0,- ,- ,,,LOS ANGELES,BEVERLY HILLS,-118.4089127,34.06222153
8958765,2019,11/1/2019,1941,10/11/2019,821,6147,,5,5,7,1941,0,0,0,,0,,9TH ST,ATLANTIC AV,9,W,N,A,-,N,,,,,,,,,,N,4,0,1,2,A,-,10,21950,A,N,D,B,B,A,H,-,A,D,0,Y,,,,Y,,A,,0,0,1,0,1,0,0,0,0,- ,- ,,,LOS ANGELES,LONG BEACH,-118.1850815,33.77777863
8958781,2019,11/1/2019,1941,10/11/2019,752,1941,11351,5,5,7,1941,0,0,0,,0,,11TH ST,CERRITOS AV,3,N,N,A,-,N,,,,,,,,,,N,3,0,1,2,A,-,9,21802,A,N,D,B,B,A,H,-,A,A,0,Y,,,,Y,,A,,0,1,0,0,1,0,0,0,0,- ,- ,,,LOS ANGELES,LONG BEACH,-118.1775208,33.78079987
8958858,2019,10/29/2019,1948,8/16/2019,1430,464,1948,5,5,5,1948,0,0,0,,0,2,N ALHAMBRA AV,GARVEY AV,284,N,N,A,-,N,,,,,,,,,,N,3,0,1,2,A,-,21,22106,,N,G,B,E,A,H,-,A,D,0,Y,,,,Y,,-,,0,1,0,0,1,0,0,0,0,- ,- ,,,LOS ANGELES,MONTEREY PARK,-118.116806,34.06337738
8958900,2019,10/25/2019,1948,10/2/2019,2015,438,1948,3,5,5,1948,0,0,0,,0,3,GERHART AV,RIGGIN ST,0,,Y,A,-,N,,,,,,,,,,N,3,0,1,2,A,-,12,22450,A,F,G,B,B,A,H,-,C,A,0,Y,,,,Y,Y,-,,0,1,0,0,1,0,0,0,0,- ,- ,,,LOS ANGELES,MONTEREY PARK,-118.1442184,34.0365715