CASE_ID,ACCIDENT_YEAR,PROC_DATE,JURIS,COLLISION_DATE,COLLISION_TIME,OFFICER_ID,REPORTING_DISTRICT,DAY_OF_WEEK,CHP_SHIFT,POPULATION,CNTY_CITY_LOC,SPECIAL_COND,BEAT_TYPE,CHP_BEAT_TYPE,CITY_DIVISION_LAPD,CHP_BEAT_CLASS,BEAT_NUMBER,PRIMARY_RD,SECONDARY_RD,DISTANCE,DIRECTION,INTERSECTION,WEATHER_1,WEATHER_2,STATE_HWY_IND,CALTRANS_COUNTY,CALTRANS_DISTRICT,STATE_ROUTE,ROUTE_SUFFIX,POSTMILE_PREFIX,POSTMILE,LOCATION_TYPE,RAMP_INTERSECTION,SIDE_OF_HWY,TOW_AWAY,COLLISION_SEVERITY,NUMBER_KILLED,NUMBER_INJURED,PARTY_COUNT,PRIMARY_COLL_FACTOR,PCF_CODE_OF_VIOL,PCF_VIOL_CATEGORY,PCF_VIOLATION,PCF_VIOL_SUBSECTION,HIT_AND_RUN,TYPE_OF_COLLISION,MVIW,PED_ACTION,ROAD_SURFACE,ROAD_COND_1,ROAD_COND_2,LIGHTING,CONTROL_DEVICE,CHP_ROAD_TYPE,PEDESTRIAN_ACCIDENT,BICYCLE_ACCIDENT,MOTORCYCLE_ACCIDENT,TRUCK_ACCIDENT,NOT_PRIVATE_PROPERTY,ALCOHOL_INVOLVED,STWD_VEHTYPE_AT_FAULT,CHP_VEHTYPE_AT_FAULT,COUNT_SEVERE_INJ,COUNT_VISIBLE_INJ,COUNT_COMPLAINT_PAIN,COUNT_PED_KILLED,COUNT_PED_INJURED,COUNT_BICYCLIST_KILLED,COUNT_BICYCLIST_INJURED,COUNT_MC_KILLED,COUNT_MC_INJURED,PRIMARY_RAMP,SECONDARY_RAMP,LATITUDE,LONGITUDE,COUNTY,CITY,POINT_X,POINT_Y
9125763,2019,7/22/2020,1918,9/16/2019,1223,1186,,1,5,4,1918,0,0,0,,0,,OVERLAND AV,JEFFERSON BL,250,N,N,A,-,N,,,,,,,,,,N,4,0,1,2,A,-,8,22107,,F,G,B,E,A,H,-,A,D,0,Y,,,,Y,,A,1,0,0,1,0,1,0,0,0,0,- ,- ,34.00413895,-118.3935013,LOS ANGELES,CULVER CITY,-118.3940201,34.00477982
9125784,2019,7/22/2020,1900,10/31/2019,2100,551664,1368,4,5,5,1952,0,0,0,,0,136A,PARAMOUNT BL,ALONDRA BL,4,N,N,A,-,N,,,,,,,,,,N,4,0,1,2,A,-,10,21950,A,F,B,B,B,A,H,-,C,A,0,Y,,,,Y,,-,,0,0,1,0,1,0,0,0,0,- ,- ,,,LOS ANGELES,PARAMOUNT,-118.1601486,33.88925934
9125786,2019,7/22/2020,1972,10/14/2019,2146,21152,,1,5,6,1972,0,0,0,,0,,DEL AMO CIR WEST,HAWTHORNE,400,W,N,A,-,N,,,,,,,,,,N,4,0,1,2,B,-,22,,,F,D,B,C,A,H,-,C,D,0,Y,,,,Y,,A,,0,0,1,0,1,0,0,0,0,- ,- ,,,LOS ANGELES,TORRANCE,-118.355751,33.83271027
9125796,2019,7/22/2020,1918,10/16/2019,1414,798,,3,5,4,1918,0,0,0,,0,4T24,TILDEN AV,WASHINGTON BL,55,S,N,A,-,N,,,,,,,,,,N,4,0,1,2,A,-,11,21954,A,N,G,B,D,A,H,-,A,A,0,Y,,,,Y,,N,60,0,0,1,0,1,0,0,0,0,- ,- ,34.01055145,-118.4111176,LOS ANGELES,CULVER CITY,-118.4110107,34.01038742
9125835,2019,7/22/2020,1918,11/3/2019,759,1150,,7,5,4,1918,0,0,0,,0,PATROL,WASHINGTON BL,SEPULVEDA BL,0,,Y,A,-,N,,,,,,,,,,N,2,0,1,2,A,-,10,21950,A,N,G,B,B,A,H,-,A,A,0,Y,,,,Y,,A,1,1,0,0,0,1,0,0,0,0,- ,- ,34.00719833,-118.4129715,LOS ANGELES,CULVER CITY,-118.4129791,34.00717926
9125855,2019,7/22/2020,1918,11/22/2019,1721,798,,5,5,4,1918,0,0,0,,0,4T24,BRADDOCK DR,LE BOURGET AV,0,,Y,A,-,N,,,,,,,,,,N,4,0,1,2,A,-,12,22450,A,F,G,B,B,A,H,-,C,A,0,Y,,,,Y,,A,1,0,0,1,0,1,0,0,0,0,- ,- ,34.01385117,-118.3987122,LOS ANGELES,CULVER CITY,-118.3987198,34.01387024
91262231,2019,7/2/2020,9580,11/21/2019,454,22275,,4,3,7,1942,0,1,2,,2,104,US-101 N/B (VENTURA FREEWAY),DE SOTO AVE.,248,S,N,B,-,Y,,,101,,,,,,N,Y,1,1,1,3,C,-,18,,,N,B,C,E,A,H,-,D,D,0,Y,,,,Y,,-,- ,0,0,1,1,0,0,0,0,0,- ,- ,34.16810989,-118.5882721,LOS ANGELES,LOS ANGELES,-118.5882645,34.16815186
80968223,2019,4/16/2019,1933,4/12/2019,1313,959,10,5,5,6,1933,0,0,0,,0,1,REGENT ST,LOCUST ST,0,,Y,A,-,N,,,,,,,,,,N,3,0,1,2,A,-,10,21950,A,N,G,B,B,A,H,-,A,A,0,Y,,,,Y,,A,1,0,1,0,0,1,0,0,0,0,- ,- ,33.96450043,-118.3503265,LOS ANGELES,INGLEWOOD,-118.3504105,33.96445847
81008114,2019,6/12/2019,1933,6/8/2019,2216,1038,1,6,5,6,1933,0,0,0,,0,1,CENTINELA AV,BEACH AV,0,,Y,A,-,N,,,,,,,,,,N,2,0,1,2,A,-,10,21950,A,F,G,B,B,A,H,-,C,A,0,Y,,,,Y,,A,1,1,0,0,0,1,0,0,0,0,- ,- ,33.97074127,-118.3478622,LOS ANGELES,INGLEWOOD,-118.3668671,33.97700882
81042477,2019,7/31/2019,1933,7/16/2019,847,812,1,2,5,6,1933,0,0,0,,0,1,LA BREA AV,PLYMOUTH ST,0,,Y,A,-,N,,,,,,,,,,N,3,0,1,2,A,-,10,21950,A,N,G,B,B,A,H,-,A,A,0,Y,,,,Y,,A,1,0,1,0,0,1,0,0,0,0,- ,- ,33.97462082,-118.3575287,LOS ANGELES,INGLEWOOD,-118.3576584,33.97457123
81042487,2019,7/31/2019,1933,7/19/2019,1921,959,10,5,5,6,1933,0,0,0,,0,1,REGENT ST,LOCUST ST,0,,Y,A,-,N,,,,,,,,,,N,2,0,1,2,A,-,10,21950,A,N,G,B,B,A,H,-,A,A,0,Y,,,,Y,,A,1,1,0,0,0,1,0,0,0,0,- ,- ,33.96450043,-118.3503265,LOS ANGELES,INGLEWOOD,-118.3504105,33.96445847
81056875,2019,8/21/2019,1933,7/20/2019,1944,1016,36,6,5,6,1933,0,0,0,,0,4,CRENSHAW BLVD,112TH ST,21,S,N,A,-,N,,,,,,,,,,N,3,0,1,2,A,-,11,21955,,N,G,B,D,A,H,-,A,D,0,Y,,,,Y,Y,N,60,0,1,0,0,1,0,0,0,0,- ,- ,33.93291092,-118.3264923,LOS ANGELES,INGLEWOOD,-118.3265686,33.9328537
81083377,2019,9/26/2019,1933,9/14/2019,1108,1040,18,6,5,6,1933,0,0,0,,0,2,TAMARACK AV,MANCHESTER BLVD,150,S,N,A,-,N,,,,,,,,,,N,4,0,1,2,A,-,3,22350,,F,G,B,D,A,H,-,A,D,0,Y,,,,Y,,A,1,0,0,1,0,1,0,0,0,0,- ,- ,33.95999908,-118.3462982,LOS ANGELES,INGLEWOOD,-118.3467407,33.95970154
81119132,2019,11/13/2019,1933,10/26/2019,1912,1009,8,6,5,6,1933,0,0,0,,0,1,MANCHESTER BLVD,ISIS AV,0,,Y,A,-,N,,,,,,,,,,N,2,0,1,2,A,-,11,21955,,N,G,B,D,A,H,-,C,D,0,Y,,,,Y,,N,60,1,0,0,0,1,0,0,0,0,- ,- ,33.96001053,-118.3752594,LOS ANGELES,INGLEWOOD,-118.3753433,33.9598999
81148741,2019,12/20/2019,1933,12/18/2019,1711,1044,29,3,5,6,1933,0,0,0,,0,3,ARBOR VITAE ST,CRENSHAW BLVD (S),0,,Y,A,-,N,,,,,,,,,,N,4,0,1,2,A,-,8,22107,,N,G,B,B,A,H,-,C,D,0,Y,,,,Y,,A,1,0,0,1,0,1,0,0,0,0,- ,- ,33.95230865,-118.3264618,LOS ANGELES,INGLEWOOD,-118.3267212,33.95233917
8167738,2019,2/10/2020,1900,8/31/2019,2005,625547,1011,6,5,3,1995,0,0,0,,0,101A/P,RT 1,ENCINAL CANYON RD,2640,E,N,A,-,Y,LA,7,1,-,-,58.9,H,-,N,N,3,0,1,2,A,-,1,23152,A,N,G,B,D,A,-,-,D,D,0,Y,,,,Y,Y,A,1,0,1,0,0,1,0,0,0,0,- ,- ,34.03976059,-118.3761597,LOS ANGELES,MALIBU,-118.8764648,34.03985596
8167837,2019,12/6/2019,1942,8/18/2019,2050,43413,765,7,5,7,1942,0,0,0,G,0,7A33W3,PICO BL,ORANGE DR,140,E,N,A,-,N,,,,,,,,,,N,3,0,1,2,A,-,11,21954,A,F,G,B,D,A,H,-,C,D,0,Y,,,,Y,,N,60,0,1,0,0,1,0,0,0,0,- ,- ,,,LOS ANGELES,LOS ANGELES,-118.3465576,34.04779434
8465801,2019,5/25/2021,1900,2/3/2019,1951,613996,1618,7,5,5,1977,0,0,0,,0,160T,223RD ST,ANCHOR AV,272,W,N,A,-,N,,,,,,,,,,Y,1,1,0,2,A,-,11,21954,A,N,G,B,D,B,H,-,C,D,0,Y,,,,Y,,N,60,0,0,0,1,0,0,0,0,0,- ,- ,33.82440186,-118.2669983,LOS ANGELES,CARSON,-118.2663956,33.82421494
8465819,2019,5/29/2019,1942,5/8/2019,2255,40065,1655,3,5,7,1942,0,0,0,P,0,,SUNLAND BL,STONEHURST AV,0,,N,B,-,N,,,,,,,,,,Y,1,1,3,3,A,-,1,23152,A,F,B,C,F,A,H,-,C,D,0,Y,,,,Y,Y,A,1,0,2,1,1,0,0,0,0,0,- ,- ,,,LOS ANGELES,LOS ANGELES,-118.3662796,34.24328995
8466030,2019,5/28/2021,1942,8/3/2019,800,39473,1974,6,5,7,1942,0,0,0,,0,19A85,NORDHOFF ST,TOBIAS AV,0,,N,A,-,N,,,,,,,,,,Y,1,1,1,2,A,-,11,21954,A,F,G,B,E,A,H,-,A,A,0,Y,,,,Y,Y,-,99,0,0,1,1,0,0,0,0,0,- ,- ,,,LOS ANGELES,LOS ANGELES,-118.4516983,34.23542023
8466037,2019,9/4/2019,1942,8/12/2019,2225,42664,1427,1,5,7,1942,0,0,0,N,0,14A27,SEPULVEDA BL,PALMS BL,367,S,N,A,-,N,,,,,,,,,,Y,1,1,0,2,A,-,11,21954,A,F,G,B,D,A,H,-,C,D,0,Y,,,,Y,,N,60,0,0,0,1,0,0,0,0,0,- ,- ,,,LOS ANGELES,LOS ANGELES,-118.4215393,34.01839828
8648618,2019,5/25/2021,1942,1/16/2019,1717,41973,316,3,5,7,1942,0,0,0,C,0,25T22,HOBART BL,ADAMS BL,160,N,N,B,-,N,,,,,,,,,,N,1,1,0,2,A,-,11,21956,A,F,-,B,D,B,H,-,C,D,0,Y,,,,Y,Y,N,60,0,0,0,1,0,0,0,0,0,- ,- ,,,LOS ANGELES,LOS ANGELES,-118.3078384,34.03313065
8648620,2019,5/25/2021,1942,1/19/2019,10,42282,1269,6,5,7,1942,0,0,0,L,0,12A69,S CENTRAL AV,82ND ST,12,S,N,A,-,N,,,,,,,,,,Y,1,1,1,3,A,-,1,23152,A,N,G,B,B,A,H,-,C,A,0,Y,,,,Y,Y,A,1,0,1,0,1,0,0,0,0,0,- ,- ,,,LOS ANGELES,LOS ANGELES,-118.2564316,33.96465683
8648625,2019,5/25/2021,1942,1/6/2019,1800,42011,1259,7,5,7,1942,0,0,0,L,0,12A69,AVALON BL,75TH ST,0,,Y,A,-,N,,,,,,,,,,Y,1,1,0,2,A,-,10,21950,A,N,G,B,B,A,H,-,C,A,0,Y,,,,Y,Y,D,22,0,0,0,1,0,0,0,0,0,- ,- ,,,LOS ANGELES,LOS ANGELES,-118.2651672,33.97217941
8648650,2019,5/25/2021,1942,2/4/2019,2210,35393,312,1,5,7,1942,0,0,0,C,0,3A1,W JEFFERSON BL,COCHRAN AV,18,W,N,C,-,N,,,,,,,,,,Y,1,1,1,2,A,-,3,22350,,N,E,I,F,B,H,-,C,A,0,Y,,,,Y,Y,A,1,0,1,0,0,1,0,0,0,0,- ,- ,,,LOS ANGELES,LOS ANGELES,-118.3611984,34.02554321
8648688,2019,3/13/2019,1942,2/18/2019,1445,35481,1037,1,5,7,1942,0,0,0,J,0,10A17,BALBOA BL,VICTORY BL,124,S,N,A,-,N,,,,,,,,,,Y,1,1,0,2,A,-,3,22350,,N,G,B,F,A,H,-,A,A,0,Y,,,,Y,,D,22,0,0,0,1,0,0,0,0,0,- ,- ,,,LOS ANGELES,LOS ANGELES,-118.5011215,34.18629074
8735945,2019,4/3/2019,1942,3/25/2019,755,37146,396,1,5,7,1942,0,0,0,C,0,25EL1,VERNON AV,VERMONT AV,100,W,N,A,-,N,,,,,,,,,,N,4,0,1,2,A,-,11,21956,A,N,G,B,D,A,H,-,A,A,0,Y,,,,Y,,N,60,0,0,1,0,1,0,0,0,0,- ,- ,,,LOS ANGELES,LOS ANGELES,-118.2919006,34.00368118
8735954,2019,4/15/2019,1942,3/6/2019,1700,40849,1942,3,5,7,1942,0,0,0,,0,7A76,ALTA VISTA BL,WARING AV,0,,Y,C,-,N,,,,,,,,,,N,4,0,1,2,A,-,10,21950,C,N,A,B,B,B,H,-,A,D,0,Y,,,,Y,Y,A,1,0,0,1,0,1,0,0,0,0,- ,- ,,,LOS ANGELES,LOS ANGELES,-118.3474579,34.08526993
8735987,2019,4/3/2019,1900,3/19/2019,625,455321,470,2,5,4,1936,0,0,0,,0,46K1,ROSECRANS AV,JALON RD,22,E,N,E,-,N,,,,,,,,,,N,2,0,1,2,A,-,10,21950,A,N,G,B,B,A,H,-,B,A,0,Y,,,,Y,,A,1,1,0,0,0,1,0,0,0,0,- ,- ,,,LOS ANGELES,LA MIRADA,-118.0071182,33.89877319
8772708,2019,2/2/2019,1925,1/4/2019,1717,24284,123,5,5,6,1925,0,0,0,,0,5,LA CRESCENTA AV,PIEDMONT AV,146,S,N,A,-,N,,,,,,,,,,N,2,0,1,2,A,-,11,21954,A,N,G,B,D,A,H,-,B,D,0,Y,,,,Y,,N,60,1,0,0,0,1,0,0,0,0,- ,- ,,,LOS ANGELES,GLENDALE,-118.2399826,34.21368027
8774126,2019,2/7/2019,1900,1/1/2019,2049,629461,1122,2,5,6,1992,0,0,0,,0,111T1,W AVENUE J,GENOA AV,125,E,N,A,-,N,,,,,,,,,,N,3,0,1,2,A,-,9,21804,A,N,G,B,-,A,H,-,A,D,0,Y,,,,Y,,N,60,0,1,0,0,1,0,0,0,0,- ,- ,,,LOS ANGELES,LANCASTER,-118.1453857,34.68944931
8776521,2019,2/2/2019,1942,1/2/2019,1158,41671,881,3,5,7,1942,0,0,0,H,0,8A53,MISSOURI AV,S BUNDY DR,0,,Y,A,-,N,,,,,,,,,,N,3,0,1,2,A,-,10,21950,A,N,G,B,B,A,H,-,A,A,0,Y,,,,Y,,A,1,0,1,0,0,1,0,0,0,0,- ,- ,,,LOS ANGELES,LOS ANGELES,-118.4570694,34.03525925
8778163,2019,3/13/2019,1955,1/14/2019,741,41484,21,1,5,6,1955,0,0,0,,0,2,TOWNE AV,SAN ANTONIO AV,0,,Y,B,-,N,,,,,,,,,,N,3,0,1,2,A,-,10,21950,A,F,G,B,B,A,H,-,A,A,0,Y,,,,Y,,A,1,0,1,0,0,1,0,0,0,0,- ,- ,,,LOS ANGELES,POMONA,-117.7372208,34.08721924
8778606,2019,2/11/2019,1941,1/8/2019,1556,5226,,2,5,7,1941,0,0,0,,0,,LONG BEACH BL,4TH ST,0,,Y,A,-,N,,,,,,,,,,N,4,0,1,2,D,-,0,,,N,B,B,B,A,H,-,A,A,0,Y,,,,Y,,-,- ,0,0,1,0,1,0,0,0,0,- ,- ,,,LOS ANGELES,LONG BEACH,-118.1894836,33.77172852
8780342,2019,1/18/2019,1942,1/1/2019,545,40010,775,2,5,7,1942,0,0,0,G,0,7A85,VENICE BL,RIMPAU BL,429,W,N,A,-,N,,,,,,,,,,N,4,0,1,2,A,-,11,21956,A,N,G,B,D,A,H,-,C,D,0,Y,,,,Y,Y,N,60,0,0,1,0,1,0,0,0,0,- ,- ,,,LOS ANGELES,LOS ANGELES,-118.3419647,34.04652405
8781841,2019,2/2/2019,1975,1/12/2019,1851,441,CITRU,6,5,6,1975,0,0,0,,0,2,AZUSA,CAMERON,0,,Y,A,-,N,,,,,,,,,,N,4,0,1,2,A,-,12,21453,A,M,A,B,B,B,H,-,C,A,0,Y,,,,Y,,A,7,0,0,1,0,1,0,0,0,0,- ,- ,,,LOS ANGELES,WEST COVINA,-117.9079514,34.06108856
8781873,2019,2/2/2019,1909,1/3/2019,1829,568,1909,4,5,4,1909,0,0,0,,0,NORTH,GAGE AV,COLMAR AV,7,W,N,A,-,N,,,,,,,,,,N,4,0,2,3,A,-,10,21950,A,N,G,B,B,A,H,-,C,A,0,Y,,,,Y,,A,1,0,0,2,0,2,0,0,0,0,- ,- ,,,LOS ANGELES,BELL GARDENS,-118.1569901,33.97478104
8783700,2019,2/2/2019,1900,1/7/2019,1040,507857,973,1,5,4,1979,0,0,0,,0,92T2,LA BREA AV,FOUNTAIN AV,0,,Y,B,-,N,,,,,,,,,,Y,3,0,2,3,A,-,9,21801,A,N,D,B,B,B,H,-,A,A,0,Y,,,,Y,,A,1,0,2,0,0,1,0,0,0,0,- ,- ,34.09429932,-118.344101,LOS ANGELES,WEST HOLLYWOOD,-118.344101,34.0943718
8784146,2019,2/13/2019,1942,1/28/2019,1700,42799,702,1,5,7,1942,0,0,0,G,0,7A22,MELROSE AV,POINSETTIA PL,62,W,N,A,-,N,,,,,,,,,,N,3,0,1,2,A,-,11,21956,A,N,G,B,E,A,H,-,A,A,0,Y,,,,Y,,N,60,0,1,0,0,1,0,0,0,0,- ,- ,,,LOS ANGELES,LOS ANGELES,-118.3488846,34.08355331
8784264,2019,2/14/2019,1942,1/6/2019,1840,41597,478,7,5,7,1942,0,0,0,D,0,424,WHITTIER BL,LORENA ST,0,,Y,A,-,N,,,,,,,,,,N,3,0,1,2,A,-,10,21950,A,F,G,B,B,A,H,-,C,A,0,Y,,,,Y,Y,-,99,0,1,0,0,1,0,0,0,0,- ,- ,,,LOS ANGELES,LOS ANGELES,-118.2009888,34.02779007
8784341,2019,2/21/2019,1942,2/2/2019,1050,30452,2157,6,5,7,1942,0,0,0,,0,21A57,VANOWEN ST,DE SOTO AV,0,,Y,C,-,N,,,,,,,,,,N,2,0,1,2,A,-,11,21456,B,N,G,B,B,B,H,-,A,A,0,Y,,,,Y,,N,60,1,0,0,0,1,0,0,0,0,- ,- ,,,LOS ANGELES,LOS ANGELES,-118.5884171,34.19379044
8784498,2019,2/13/2019,1942,1/14/2019,700,38788,722,1,5,7,1942,0,0,0,G,0,7A22,BEVERLY BL,LA CIENEGA BL,100,E,N,C,-,N,,,,,,,,,,N,4,0,1,2,A,-,11,21456,B,N,G,B,D,B,H,-,A,A,0,Y,,,,Y,,N,60,0,0,1,0,1,0,0,0,0,- ,- ,,,LOS ANGELES,LOS ANGELES,-118.3762817,34.07606125
8784542,2019,2/13/2019,1942,1/4/2019,1815,42364,1242,5,5,7,1942,0,0,0,L,0,12A51,HYDE PARK BL,8TH AV,0,,Y,A,-,N,,,,,,,,,,N,4,0,1,2,A,-,10,21950,A,N,G,B,B,A,H,-,C,A,0,Y,,,,Y,,A,7,0,0,1,0,1,0,0,0,0,- ,- ,,,LOS ANGELES,LOS ANGELES,-118.3265076,33.98065186
8785612,2019,2/5/2019,1920,1/5/2019,2313,13118,1920,6,5,6,1920,0,0,0,,0,4,TELEGRAPH RD,CORD AV,45,W,N,B,-,N,,,,,,,,,,Y,3,0,1,2,A,-,11,21954,A,F,G,B,D,B,H,-,D,D,0,Y,,,,Y,Y,N,60,0,1,0,0,1,0,0,0,0,- ,- ,,,LOS ANGELES,DOWNEY,-118.1015091,33.95505142
8785852,2019,2/4/2019,1941,1/12/2019,1626,10968,,6,5,7,1941,0,0,0,,0,,ARTESIA BL,LONG BEACH BL,0,,Y,B,-,N,,,,,,,,,,N,2,0,1,2,A,-,0,20001,,F,A,B,B,B,H,-,A,A,0,Y,,,,Y,,A,,1,0,0,0,1,0,0,0,0,- ,- ,,,LOS ANGELES,LONG BEACH,-118.2027893,33.87435913
8785861,2019,2/1/2019,1941,1/14/2019,1511,10943,,1,5,7,1941,0,0,0,,0,,OBISPO AV,10TH ST,0,,Y,C,-,N,,,,,,,,,,N,4,0,1,2,A,-,10,21950,A,N,G,B,B,B,H,-,A,A,0,Y,,,,Y,,A,,0,0,1,0,1,0,0,0,0,- ,- ,,,LOS ANGELES,LONG BEACH,-118.1546097,33.77894974
8785872,2019,2/4/2019,1941,1/15/2019,717,6204,,2,5,7,1941,0,0,0,,0,901T,TERMINO AV,7TH ST,100,N,N,B,C,N,,,,,,,,,,N,4,0,1,2,A,-,11,21954,A,N,D,B,D,B,-,-,A,D,0,Y,,,,Y,,N,,0,0,1,0,1,0,0,0,0,- ,- ,,,LOS ANGELES,LONG BEACH,-118.1459274,33.77562332
8786260,2019,3/6/2019,1942,1/19/2019,1636,43612,567,6,5,7,1942,0,0,0,E,0,5A84,22ND ST,PACIFIC AV,25,E,N,A,-,N,,,,,,,,,,N,2,0,1,2,A,-,9,21801,A,N,A,B,B,A,H,-,A,A,0,Y,,,,Y,,A,1,1,0,0,0,1,0,0,0,0,- ,- ,,,LOS ANGELES,LOS ANGELES,-118.2879105,33.72425079
8786488,2019,2/7/2019,1922,1/9/2019,838,576,,3,5,6,1922,0,0,0,,0,,LEXINGTON AV,MILDRED ST,0,,Y,A,-,N,,,,,,,,,,N,3,0,1,2,A,-,10,21950,A,N,G,B,B,A,H,-,A,A,0,Y,,,,Y,,A,1,0,1,0,0,1,0,0,0,0,- ,- ,34.0663681,-118.0392914,LOS ANGELES,EL MONTE,-118.0393677,34.06679153
8786900,2019,2/8/2019,1900,1/3/2019,1815,614017,2843,4,5,5,1915,0,0,0,,0,283T3,COMPTON BL,SLOAN AV,0,,Y,A,-,N,,,,,,,,,,N,4,0,1,2,A,-,10,21950,A,N,G,B,B,A,H,-,C,A,0,Y,,,,Y,,A,8,0,0,1,0,1,0,0,0,0,- ,- ,,,LOS ANGELES,COMPTON,-118.2104721,33.89603043
8786924,2019,2/8/2019,1942,1/5/2019,2025,40529,392,6,5,7,1942,0,0,0,C,0,3A73,ARLINGTON AV,VERNON AV,8,S,N,C,-,N,,,,,,,,,,N,4,0,1,2,A,-,10,21950,A,N,G,B,B,B,H,-,C,A,0,Y,,,,Y,Y,A,1,0,0,1,0,1,0,0,0,0,- ,- ,,,LOS ANGELES,LOS ANGELES,-118.3182144,34.00367737
8787659,2019,2/2/2019,1900,1/7/2019,2310,530381,974,1,5,4,1979,0,0,0,,0,93T2P,SANTA MONICA BL,FAIRFAX AV,5,W,N,A,-,N,,,,,,,,,,N,3,0,1,2,A,-,11,21456,B,N,G,B,B,A,H,-,C,A,0,Y,,,,Y,,N,60,0,1,0,0,1,0,0,0,0,- ,- ,,,LOS ANGELES,WEST HOLLYWOOD,-118.3614883,34.09083939
8789237,2019,2/12/2019,1920,1/2/2019,1209,12476,,3,5,6,1920,0,0,0,,0,4,TELEGRAPH RD,SERAPIS AV,45,E,N,A,-,N,,,,,,,,,,N,4,0,1,2,A,-,11,21954,A,N,G,B,D,A,H,-,A,A,0,Y,,,,Y,,N,60,0,0,1,0,1,0,0,0,0,- ,- ,,,LOS ANGELES,DOWNEY,-118.1063309,33.95840836
8790047,2019,2/7/2019,1942,1/22/2019,1610,41158,935,2,5,7,1942,0,0,0,I,0,9A41,VICTORY BL,SYLMAR AV,0,,Y,A,-,N,,,,,,,,,,N,4,0,1,2,A,-,10,21950,A,F,G,B,B,A,H,-,A,A,0,Y,,,,Y,,-,99,0,0,1,0,1,0,0,0,0,- ,- ,,,LOS ANGELES,LOS ANGELES,-118.4465332,34.1866684
8791116,2019,2/12/2019,1942,1/20/2019,1,42969,1203,7,5,7,1942,0,0,0,L,0,12A3,WESTERN AV,50TH ST,65,N,N,A,-,N,,,,,,,,,,N,2,0,1,2,A,-,11,21955,,N,G,B,D,A,H,-,C,D,0,Y,,,,Y,,N,60,1,0,0,0,1,0,0,0,0,- ,- ,,,LOS ANGELES,LOS ANGELES,-118.3089371,33.9984169
8791658,2019,2/7/2019,1900,1/8/2019,1830,528118,811,2,5,4,1960,0,0,0,,0,81T2,NORTH VALLEY CENTER AV,ARROW HWY,187,N,N,A,-,N,,,,,,,,,,N,4,0,1,2,B,-,22,,,N,G,B,D,A,H,-,C,D,0,Y,,,,Y,,N,60,0,0,1,0,1,0,0,0,0,- ,- ,34.1072998,-117.8375015,LOS ANGELES,SAN DIMAS,-117.8376389,34.10724258
8791667,2019,2/7/2019,1942,1/23/2019,1420,38025,1267,3,5,7,1942,0,0,0,L,0,75T,HOOVER ST,84TH ST,5,S,N,A,-,N,,,,,,,,,,N,3,0,2,3,A,-,10,21950,A,N,G,B,B,A,H,-,A,D,0,Y,,,,Y,,D,82,0,2,0,0,2,0,0,0,0,- ,- ,,,LOS ANGELES,LOS ANGELES,-118.2871017,33.96242523
8792625,2019,2/20/2019,1942,1/6/2019,1840,41657,1127,7,5,7,1942,0,0,0,K,0,11X74,ALDAMA ST,YORK BL,0,N,N,A,-,N,,,,,,,,,,N,4,0,1,2,A,-,10,21950,A,N,G,B,B,A,H,-,C,D,0,Y,,,,Y,,A,1,0,0,1,0,1,0,0,0,0,- ,- ,,,LOS ANGELES,LOS ANGELES,-118.1893616,34.11809921
8792914,2019,2/26/2019,1942,1/3/2019,635,38687,1602,4,5,7,1942,0,0,0,P,0,16A11,PAXTON ST,BORDEN AV,0,,Y,A,-,N,,,,,,,,,,N,3,0,1,2,A,-,10,21950,A,N,G,B,B,A,H,-,B,A,0,Y,,,,Y,,D,22,0,1,0,0,1,0,0,0,0,- ,- ,,,LOS ANGELES,LOS ANGELES,-118.4147186,34.28205109
8793244,2019,2/26/2019,1942,1/28/2019,945,41274,1991,1,5,7,1942,0,0,0,,0,19A93,LANGDON AV,ROSCOE BL,0,,Y,B,-,N,,,,,,,,,,N,3,0,1,2,A,-,8,22107,,N,G,B,B,A,H,-,A,A,0,Y,,,,Y,,A,7,0,1,0,0,1,0,0,0,0,- ,- ,,,LOS ANGELES,LOS ANGELES,-118.4699326,34.22138977
8793364,2019,2/25/2019,1942,1/31/2019,1615,39575,1994,4,5,7,1942,0,0,0,,0,19A93,ROSCOE BL,VAN NUYS BL,508,E,N,B,-,N,,,,,,,,,,N,4,0,1,2,B,-,22,,,F,G,B,F,A,H,-,A,D,0,Y,,,,Y,,-,99,0,0,1,0,1,0,0,0,0,- ,- ,,,LOS ANGELES,LOS ANGELES,-118.4471054,34.22158051
8793516,2019,2/26/2019,1942,2/8/2019,930,43105,1921,5,5,7,1942,0,0,0,,0,,EL DORADO,BLEDSOE ST,24,S,N,A,-,N,,,,,,,,,,N,4,0,1,2,A,-,10,21950,A,F,-,-,-,A,H,-,A,-,0,Y,,,,Y,,-,99,0,0,1,0,1,0,0,0,0,- ,- ,,,LOS ANGELES,LOS ANGELES,-118.4676819,34.30307388