CASE_ID,ACCIDENT_YEAR,PROC_DATE,JURIS,COLLISION_DATE,COLLISION_TIME,OFFICER_ID,REPORTING_DISTRICT,DAY_OF_WEEK,CHP_SHIFT,POPULATION,CNTY_CITY_LOC,SPECIAL_COND,BEAT_TYPE,CHP_BEAT_TYPE,CITY_DIVISION_LAPD,CHP_BEAT_CLASS,BEAT_NUMBER,PRIMARY_RD,SECONDARY_RD,DISTANCE,DIRECTION,INTERSECTION,WEATHER_1,WEATHER_2,STATE_HWY_IND,CALTRANS_COUNTY,CALTRANS_DISTRICT,STATE_ROUTE,ROUTE_SUFFIX,POSTMILE_PREFIX,POSTMILE,LOCATION_TYPE,RAMP_INTERSECTION,SIDE_OF_HWY,TOW_AWAY,COLLISION_SEVERITY,NUMBER_KILLED,NUMBER_INJURED,PARTY_COUNT,PRIMARY_COLL_FACTOR,PCF_CODE_OF_VIOL,PCF_VIOL_CATEGORY,PCF_VIOLATION,PCF_VIOL_SUBSECTION,HIT_AND_RUN,TYPE_OF_COLLISION,MVIW,PED_ACTION,ROAD_SURFACE,ROAD_COND_1,ROAD_COND_2,LIGHTING,CONTROL_DEVICE,CHP_ROAD_TYPE,PEDESTRIAN_ACCIDENT,BICYCLE_ACCIDENT,MOTORCYCLE_ACCIDENT,TRUCK_ACCIDENT,NOT_PRIVATE_PROPERTY,ALCOHOL_INVOLVED,STWD_VEHTYPE_AT_FAULT,CHP_VEHTYPE_AT_FAULT,COUNT_SEVERE_INJ,COUNT_VISIBLE_INJ,COUNT_COMPLAINT_PAIN,COUNT_PED_KILLED,COUNT_PED_INJURED,COUNT_BICYCLIST_KILLED,COUNT_BICYCLIST_INJURED,COUNT_MC_KILLED,COUNT_MC_INJURED,PRIMARY_RAMP,SECONDARY_RAMP,LATITUDE,LONGITUDE,COUNTY,CITY,POINT_X,POINT_Y
8994114,2019,12/24/2019,1942,10/30/2019,1215,39499,1008,3,5,7,1942,0,0,0,J,0,10A3,BALBOA BL,BALBOA BL 7660,0,,N,A,-,N,,,,,,,,,,N,4,0,1,2,B,-,22,,,N,G,B,F,A,H,-,A,D,0,Y,,,,Y,,A,1,0,0,1,0,1,0,0,0,0,- ,- ,,,LOS ANGELES,LOS ANGELES,-118.501161,34.210678
8995625,2019,12/31/2019,1942,10/30/2019,1321,38171,473,3,5,7,1942,0,0,0,D,0,4A71,WHITTIER BL,S SOTO ST,75,W,N,A,-,N,,,,,,,,,,N,4,0,1,2,D,-,0,,,N,G,B,F,A,H,-,A,D,0,Y,,,,Y,,-,- ,0,0,1,0,1,0,0,0,0,- ,- ,,,LOS ANGELES,LOS ANGELES,-118.2159195,34.03446579
8996082,2019,12/20/2019,1942,10/14/2019,1525,42932,1303,1,5,7,1942,0,0,0,M,0,13A13,STANFORD AV,E 9TH ST,0,,Y,A,-,N,,,,,,,,,,N,2,0,1,2,A,-,11,21451,C,F,G,B,B,A,H,-,A,A,0,Y,,,,Y,,N,60,1,0,0,0,1,0,0,0,0,- ,- ,,,LOS ANGELES,LOS ANGELES,-118.2478409,34.03499985
8996106,2019,12/20/2019,1942,10/1/2019,750,38050,1346,2,5,7,1942,0,0,0,M,0,13A37,E 43RD ST,HOOPER AV,10,E,N,A,-,N,,,,,,,,,,N,4,0,1,2,A,-,21,22106,,F,G,B,B,A,H,-,A,D,0,Y,,,,Y,,-,99,0,0,1,0,1,0,0,0,0,- ,- ,,,LOS ANGELES,LOS ANGELES,-118.2520981,34.00572968
8996479,2019,1/6/2020,1900,11/29/2019,629,602259,455,5,5,6,1949,0,0,0,,0,43T1,EXCELSIOR DR,STUDEBAKER RD,0,,Y,A,-,N,,,,,,,,,,N,3,0,1,2,A,-,10,21950,A,N,G,B,B,A,H,-,A,A,0,Y,,,,Y,,D,22,0,1,0,0,1,0,0,0,0,- ,- ,,,LOS ANGELES,NORWALK,-118.1000366,33.89477158
8996657,2019,2/13/2020,1967,12/11/2019,1757,158,,3,5,2,1967,0,0,0,,0,SOUTH,CHERRY AV,CRESCENT HEIGHTS,105,S,N,A,-,N,,,,,,,,,,N,4,0,1,2,A,-,11,21955,,N,G,B,D,A,H,-,C,A,0,Y,,,,Y,,N,60,0,0,1,0,1,0,0,0,0,- ,- ,,,LOS ANGELES,SIGNAL HILL,-118.1676865,33.8022728
8996707,2019,12/30/2019,1900,11/7/2019,1509,522950,453,4,5,6,1949,0,0,0,,0,43T1PM,LEFFINGWELL RD,STUDEBAKER RD,57,E,N,A,-,N,,,,,,,,,,N,4,0,1,2,A,-,11,21954,A,N,G,B,C,A,H,-,A,D,0,Y,,,,Y,,N,60,0,0,1,0,1,0,0,0,0,- ,- ,,,LOS ANGELES,NORWALK,-118.0995102,33.90654373
8998026,2019,1/15/2020,1942,11/17/2019,300,43687,1088,7,5,7,1942,0,0,0,J,0,10A99,HAYVENHURST AV,ALYSE CT,100,S,N,A,-,N,,,,,,,,,,N,4,0,5,3,A,-,1,23152,A,N,B,C,F,A,H,-,D,A,0,Y,,,,Y,Y,A,7,0,0,5,0,1,0,0,0,0,- ,- ,,,LOS ANGELES,LOS ANGELES,-118.492363,34.15569687
8998127,2019,12/18/2019,1942,10/18/2019,930,42443,1801,5,5,7,1942,0,0,0,R,0,12A69,MANCHESTER,ORCHARD AV,0,,Y,A,-,N,,,,,,,,,,N,4,0,1,2,A,-,10,21950,A,F,G,B,D,A,H,-,A,D,0,Y,,,,Y,,-,99,0,0,1,0,1,0,0,0,0,- ,- ,,,LOS ANGELES,LOS ANGELES,-118.2881699,33.96004105
8998319,2019,1/21/2020,1942,11/18/2019,1950,41978,749,1,5,7,1942,0,0,0,G,0,7A47,WILSHIRE BL,LORRAINE BL,31,W,N,A,-,N,,,,,,,,,,Y,2,0,1,2,A,-,11,21955,,N,G,B,D,A,H,-,C,D,0,Y,,,,Y,,N,60,1,0,0,0,1,0,0,0,0,- ,- ,,,LOS ANGELES,LOS ANGELES,-118.3204422,34.06173325
8998343,2019,1/28/2020,1942,11/19/2019,1730,41096,235,2,5,7,1942,0,0,0,B,0,2A92,ALVARADO ST,MIRAMAR ST,0,,Y,C,-,N,,,,,,,,,,N,4,0,1,2,A,-,10,21950,A,F,G,B,B,B,H,-,C,D,0,Y,,,,Y,,-,99,0,0,1,0,1,0,0,0,0,- ,- ,,,LOS ANGELES,LOS ANGELES,-118.2720795,34.06391144
9000485,2019,12/18/2019,1942,10/23/2019,1050,42367,2107,3,5,7,1942,0,0,0,,0,21Z1,ROSCOE BL,DE SOTO AV,0,,Y,A,-,N,,,,,,,,,,N,4,0,1,2,A,-,0,20001,A,F,G,B,F,A,-,-,A,D,0,Y,,,,Y,Y,-,99,0,0,1,0,1,0,0,0,0,- ,- ,,,LOS ANGELES,LOS ANGELES,-118.5884933,34.21994019
9000486,2019,12/19/2019,1900,10/29/2019,2030,633029,2814,2,5,5,1915,0,0,0,,0,282K1,COMPTON BL,ARANABE AV,20,W,N,A,-,N,,,,,,,,,,N,3,0,1,2,A,-,11,21954,A,F,G,B,D,A,H,-,C,A,0,Y,,,,Y,Y,N,60,0,1,0,0,1,0,0,0,0,- ,- ,,,LOS ANGELES,COMPTON,-118.2319183,33.89590836
9000925,2019,12/27/2019,1942,11/4/2019,1820,30830,1063,1,5,7,1942,0,0,0,J,0,10A63,VENTURA BL,YOLANDA AV,0,W,N,A,-,N,,,,,,,,,,N,2,0,1,2,A,-,11,21954,A,N,G,B,D,A,H,-,C,D,0,Y,,,,Y,,N,60,1,0,0,0,1,0,0,0,0,- ,- ,,,LOS ANGELES,LOS ANGELES,-118.5407333,34.170681
9001108,2019,2/8/2020,1942,12/9/2019,1455,38191,914,1,5,7,1942,0,0,0,I,0,9A23,KESTER AV,HART ST,15,S,N,A,-,N,,,,,,,,,,N,3,0,1,2,A,-,10,21950,A,N,G,B,B,A,H,-,A,A,0,Y,,,,Y,,D,22,0,1,0,0,1,0,0,0,0,- ,- ,,,LOS ANGELES,LOS ANGELES,-118.4574585,34.19749069
9001760,2019,1/8/2020,1942,11/10/2019,400,40484,299,7,5,7,1942,0,0,0,B,0,2XL12,TOBERMAN ST,VENICE BL,20,S,N,A,-,N,,,,,,,,,,N,3,0,1,2,A,-,11,21954,A,F,G,B,D,A,H,-,D,D,0,Y,,,,Y,,N,60,0,1,0,0,1,0,0,0,0,- ,- ,,,LOS ANGELES,LOS ANGELES,-118.2779083,34.04098129
9001794,2019,1/8/2020,1942,11/2/2019,950,40289,478,6,5,7,1942,0,0,0,D,0,4A97,GRANDE VISTA AV,ATLANTIC ST,75,N,N,A,-,N,,,,,,,,,,N,4,0,2,4,A,-,8,22107,,N,G,B,E,A,H,-,A,D,0,Y,,,,Y,,A,7,0,0,2,0,1,0,0,0,0,- ,- ,,,LOS ANGELES,LOS ANGELES,-118.2066498,34.02635956
9001868,2019,2/27/2020,1942,12/8/2019,2120,35182,,7,5,7,1942,0,0,0,,0,4A9,6TH ST,GRANDE VISTA AV,8,W,N,A,-,N,,,,,,,,,,Y,4,0,1,3,A,-,3,22350,A,F,B,E,E,A,-,-,C,D,0,Y,,,,Y,Y,-,99,0,0,1,0,1,0,0,0,0,- ,- ,,,LOS ANGELES,LOS ANGELES,-118.2023315,34.03237915
9002116,2019,2/8/2020,1942,12/9/2019,1120,40899,842,1,5,7,1942,0,0,0,H,0,8A53,S BARRINGTON AV,TEXAS AV,210,S,N,A,-,N,,,,,,,,,,N,4,0,1,3,A,-,3,22350,,N,G,B,E,A,H,-,A,D,0,Y,,,,Y,,A,1,0,0,1,0,1,0,0,0,0,- ,- ,,,LOS ANGELES,LOS ANGELES,-118.4586258,34.04672241
9002139,2019,1/6/2020,1942,11/13/2019,1435,42058,513,3,5,7,1942,0,0,0,E,0,5A25,KING AV,E ST,100,S,N,A,-,N,,,,,,,,,,N,4,0,1,2,D,-,0,,,N,A,B,D,A,H,-,A,-,0,Y,,,,Y,,-,- ,0,0,1,0,1,0,0,0,0,- ,- ,,,LOS ANGELES,LOS ANGELES,-118.2750168,33.7746582
9003617,2019,9/14/2020,1925,12/20/2019,1334,28284,220,5,5,6,1925,0,0,0,,0,4,BRAND,BRAND 134,13,E,N,A,-,Y,LA,7,134,-,R,7.255,R,3,E,N,4,0,1,2,A,-,10,21950,A,N,G,B,B,A,H,-,A,A,0,Y,,,,Y,,A,8,0,0,1,0,1,0,0,0,0,- ,- ,,,LOS ANGELES,GLENDALE,-118.2527695,34.1562767
9004918,2019,3/3/2020,1925,12/11/2019,1708,16900,265,3,5,6,1925,0,0,0,,0,2,BRAND BL,COLORADO ST,0,,Y,A,-,N,,,,,,,,,,N,3,0,1,2,A,-,10,21950,A,N,G,B,B,A,H,-,C,A,0,Y,,,,Y,Y,A,1,0,1,0,0,1,0,0,0,0,- ,- ,,,LOS ANGELES,GLENDALE,-118.2550507,34.14255905
9005374,2019,1/14/2020,1942,11/22/2019,440,42005,1249,5,5,7,1942,0,0,0,L,0,12A69,S FIGUEROA ST,W 66TH ST,0,,Y,A,-,N,,,,,,,,,,N,3,0,1,2,A,-,10,21950,A,F,A,B,B,A,H,-,C,B,0,Y,,,,Y,Y,-,99,0,1,0,0,1,0,0,0,0,- ,- ,,,LOS ANGELES,LOS ANGELES,-118.2827072,33.97980118
9005615,2019,2/18/2020,1900,12/11/2019,730,545089,2835,3,5,5,1915,0,0,0,,0,282T1,COMPTON BL,ACACIA AV,5,E,N,A,-,N,,,,,,,,,,N,4,0,1,2,A,-,0,21980,A,N,G,B,B,A,H,-,A,A,0,Y,,,,Y,,A,1,0,0,1,0,1,0,0,0,0,- ,- ,,,LOS ANGELES,COMPTON,-118.2264404,33.89598083
9005825,2019,1/22/2020,1942,10/28/2019,1710,43311,1239,1,5,7,1942,0,0,0,L,0,12X32,FIGUEROA ST,59TH PL,0,,Y,A,-,N,,,,,,,,,,N,3,0,1,2,A,-,11,21456,B,N,G,B,B,A,H,-,A,A,0,Y,,,,Y,Y,N,60,0,1,0,0,1,0,0,0,0,- ,- ,,,LOS ANGELES,LOS ANGELES,-118.2826996,33.98593903
9005948,2019,2/11/2020,1900,12/14/2019,1951,644565,1126,6,5,6,1992,0,0,0,,0,111T1,AVENUE K,17TH ST WEST,81,E,N,A,-,N,,,,,,,,,,N,3,0,1,2,A,-,11,21954,A,N,G,B,D,A,H,-,C,-,0,Y,,,,Y,,N,60,0,1,0,0,1,0,0,0,0,- ,- ,,,LOS ANGELES,LANCASTER,-118.1610107,34.67490005
9005962,2019,2/6/2020,1941,12/21/2019,1700,10937,20001,6,5,7,1941,0,0,0,,0,5,PACIFIC COAST HWY,CHERRY AV,50,W,N,A,-,N,,,,,,,,,,N,4,0,1,2,A,-,21,22106,,F,-,-,-,A,H,-,C,-,0,Y,,,,Y,,-,,0,0,1,0,1,0,0,0,0,- ,- ,,,LOS ANGELES,LONG BEACH,-118.1678238,33.78985977
9005969,2019,3/2/2020,1942,12/30/2019,1900,43366,964,1,5,7,1942,0,0,0,I,0,9X52W4,RIVERSIDE DR,RANCHITO AV,220,E,N,A,-,N,,,,,,,,,,N,4,0,1,2,B,-,22,,,F,G,B,D,A,H,-,C,D,0,Y,,,,Y,,-,- ,0,0,1,0,1,0,0,0,0,- ,- ,,,LOS ANGELES,LOS ANGELES,-118.4345245,34.15761185
9005973,2019,2/10/2020,1942,12/15/2019,100,41158,1044,7,5,7,1942,0,0,0,J,0,10A83,RESEDA BL,OXNARD ST,10,N,N,A,-,N,,,,,,,,,,N,4,0,1,2,A,-,10,21950,A,F,G,B,B,A,H,-,C,A,0,Y,,,,Y,,-,99,0,0,1,0,1,0,0,0,0,- ,- ,,,LOS ANGELES,LOS ANGELES,-118.5360107,34.18000793
9007257,2019,1/28/2020,1942,11/9/2019,2200,42520,289,6,5,7,1942,0,0,0,B,0,2A91,11TH PL,ALBANY ST,0,,Y,A,-,N,,,,,,,,,,N,2,0,1,2,A,-,17,21451,A,N,G,B,B,A,H,-,C,A,0,Y,,,,Y,,A,1,1,0,0,0,1,0,0,0,0,- ,- ,,,LOS ANGELES,LOS ANGELES,-118.2726135,34.04566956
9007268,2019,12/17/2019,1942,10/17/2019,1600,43908,1994,4,5,7,1942,0,0,0,,0,19A79,ROSCOE BL,WILLIS AV,0,,-,A,-,N,,,,,,,,,,N,3,0,1,2,D,-,0,,,N,G,B,B,A,H,-,A,A,0,Y,,,,Y,,-,- ,0,1,0,0,1,0,0,0,0,- ,- ,,,LOS ANGELES,LOS ANGELES,-118.4553299,34.22148895
9007269,2019,3/2/2020,1942,11/29/2019,545,43406,237,5,5,7,1942,0,0,0,B,0,2A39,3RD ST,WITMER ST,0,,Y,A,-,N,,,,,,,,,,N,4,0,1,2,A,-,9,21801,A,N,G,B,B,A,H,-,C,A,0,Y,,,,Y,,A,1,0,0,1,0,1,0,0,0,0,- ,- ,,,LOS ANGELES,LOS ANGELES,-118.2634811,34.05907059
9007581,2019,2/6/2020,1900,12/3/2019,1435,44381,973,2,5,4,1979,0,0,0,,0,90M2,VISTA ST,SANTA MONICA BL,335,N,N,A,-,N,,,,,,,,,,Y,4,0,1,2,A,-,21,22106,,M,G,B,-,A,H,-,A,D,0,Y,,,,Y,,A,1,0,0,1,0,1,0,0,0,0,- ,- ,34.09186172,-118.3518524,LOS ANGELES,WEST HOLLYWOOD,-118.3527908,34.09077835
9007777,2019,1/7/2020,1942,10/8/2019,1525,39655,679,2,5,7,1942,0,0,0,,0,7TL38,N NORMANDIE AV,MONROE ST,0,,Y,A,-,N,,,,,,,,,,N,3,0,2,3,A,-,10,21950,A,N,G,B,B,A,H,-,A,D,0,Y,,,,Y,,A,1,0,2,0,0,2,0,0,0,0,- ,- ,,,LOS ANGELES,LOS ANGELES,-118.3004608,34.08559036
9007826,2019,1/7/2020,1942,10/27/2019,745,40885,146,7,5,7,1942,0,0,0,A,0,1A1,5TH ST,WALL,0,,Y,A,-,N,,,,,,,,,,N,4,0,1,2,A,-,10,21950,A,N,G,B,B,A,H,-,A,A,0,Y,,,,Y,,A,1,0,0,1,0,1,0,0,0,0,- ,- ,,,LOS ANGELES,LOS ANGELES,-118.2458115,34.04491043
9007935,2019,12/24/2019,1942,10/11/2019,1000,39964,2158,5,5,7,1942,0,0,0,,0,21XL62,WINNETKA,VICTORY,5,N,N,A,-,N,,,,,,,,,,N,2,0,1,2,A,-,10,21950,A,N,G,B,B,A,H,-,A,A,0,Y,,,,Y,,-,,1,0,0,0,1,0,0,0,0,- ,- ,,,LOS ANGELES,LOS ANGELES,-118.5709686,34.18574524
9008031,2019,1/6/2020,1942,11/1/2019,815,31931,2157,5,5,7,1942,0,0,0,,0,21A57,DESOTO AV,KITTRIDGE ST,10,S,N,A,-,N,,,,,,,,,,N,4,0,1,2,A,-,10,21950,A,N,G,-,B,A,H,-,A,A,0,Y,,,,Y,,N,60,0,0,1,0,1,0,0,0,0,- ,- ,,,LOS ANGELES,LOS ANGELES,-118.5884323,34.19113159
9008032,2019,2/21/2020,1942,11/11/2019,1710,40421,449,1,5,7,1942,0,0,0,D,0,4A59-W,ALCAZAR ST,MURCHISON ST,80,E,N,A,-,N,,,,,,,,,,N,3,0,2,4,A,-,22,23123,A,F,B,B,E,A,H,-,C,D,0,Y,,,,Y,,-,99,0,1,1,0,2,0,0,0,0,- ,- ,,,LOS ANGELES,LOS ANGELES,-118.1946335,34.06087875
9008035,2019,1/6/2020,1942,11/8/2019,1430,39145,2177,5,5,7,1942,0,0,0,,0,21X28,CANOGA AV,CALIFA ST,20,S,N,A,-,N,,,,,,,,,,N,2,0,1,2,A,-,10,21950,A,N,G,B,B,A,H,-,A,A,0,Y,,,,Y,,A,1,1,0,0,0,1,0,0,0,0,- ,- ,,,LOS ANGELES,LOS ANGELES,-118.5975189,34.1771965
9008071,2019,1/6/2020,1942,11/11/2019,1230,38017,2156,1,5,7,1942,0,0,0,,0,21A57,ERWIN ST,TOPANGA CANYON BL,350,E,N,A,-,N,,,,,,,,,,N,3,0,1,2,A,-,11,21955,,N,B,B,D,A,H,-,A,D,0,Y,,,,Y,,N,60,0,1,0,0,1,0,0,0,0,- ,- ,,,LOS ANGELES,LOS ANGELES,-118.6047211,34.18284988
9008229,2019,2/11/2020,1900,12/12/2019,1211,443069,972,4,5,4,1979,0,0,0,,0,92T2,DOHENY DR,RANGELY AV,35,S,N,A,-,N,,,,,,,,,,N,4,0,1,2,A,-,11,21955,,N,G,B,D,A,H,-,A,D,0,Y,,Y,,Y,,N,60,0,0,1,0,1,0,0,0,0,- ,- ,34.07989883,-118.3897018,LOS ANGELES,WEST HOLLYWOOD,-118.3897476,34.07994461
9008230,2019,2/8/2020,1942,12/4/2019,1930,37851,111,3,5,7,1942,0,0,0,A,0,1A2,ALAMEDA ST,LOS ANGELES ST,5,N,N,B,-,N,,,,,,,,,,N,3,0,1,2,A,-,11,21954,A,N,G,B,E,B,H,-,C,A,0,Y,,,,Y,,N,60,0,1,0,0,1,0,0,0,0,- ,- ,,,LOS ANGELES,LOS ANGELES,-118.2375107,34.05615234
9008746,2019,2/28/2020,1942,12/14/2019,2301,32372,935,6,5,7,1942,0,0,0,I,0,9A41,VICTORY BL,CALHOUN AV,132,E,N,A,-,N,,,,,,,,,,N,4,0,1,2,A,-,1,23153,A,N,G,B,D,A,H,-,C,D,0,Y,,,,Y,,A,1,0,0,1,0,1,0,0,0,0,- ,- ,,,LOS ANGELES,LOS ANGELES,-118.4417267,34.1866684
9008781,2019,4/16/2020,1942,12/13/2019,1125,42834,723,5,5,7,1942,0,0,0,,0,7A21,N FAIRFAX AV,W 1ST ST,0,,Y,A,-,N,,,,,,,,,,Y,1,1,0,2,A,-,10,21950,A,N,G,B,B,A,H,-,A,A,0,Y,,,,Y,,A,1,0,0,0,1,0,0,0,0,0,- ,- ,,,LOS ANGELES,LOS ANGELES,-118.3614426,34.07432175
9008783,2019,2/5/2020,1942,12/14/2019,1930,43795,1412,6,5,7,1942,0,0,0,N,0,14A11,MAIN ST,BROOKS AV,0,,Y,A,-,N,,,,,,,,,,N,3,0,1,2,A,-,11,21954,A,N,G,B,D,A,H,-,C,A,0,Y,,,,Y,,N,60,0,1,0,0,1,0,0,0,0,- ,- ,,,LOS ANGELES,LOS ANGELES,-118.4741287,33.99230957
9008813,2019,2/4/2020,1942,12/7/2019,500,35660,2025,6,5,7,1942,0,0,0,,0,20A97,NORMANDIE AV,4TH ST,0,,Y,C,-,N,,,,,,,,,,N,4,0,1,2,A,-,10,21950,A,N,G,B,B,B,H,-,C,A,0,Y,,,,Y,,A,1,0,0,1,0,1,0,0,0,0,- ,- ,,,LOS ANGELES,LOS ANGELES,-118.3003464,34.06718826
9008911,2019,12/27/2019,1942,10/4/2019,1950,43333,519,5,5,7,1942,0,0,0,E,0,5A15,PACIFIC COAST HWY,WATSON AV,0,,Y,A,-,N,,,,,,,,,,N,2,0,1,2,A,-,11,21955,,N,A,B,D,A,H,-,C,A,0,Y,,,,Y,,N,60,1,0,0,0,1,0,0,0,0,- ,- ,,,LOS ANGELES,LOS ANGELES,-118.2481232,33.7909317
9009054,2019,1/2/2020,1942,11/17/2019,1715,38743,1776,7,5,7,1942,0,0,0,Q,0,17X66,NORDHOFF ST,PETIT AV,0,,Y,A,-,N,,,,,,,,,,N,3,0,2,2,A,-,11,21456,B,N,G,B,B,A,H,-,C,A,0,Y,,,,Y,,N,60,0,2,0,0,1,0,0,0,0,- ,- ,,,LOS ANGELES,LOS ANGELES,-118.4982224,34.23572922
9009572,2019,2/20/2020,1955,12/11/2019,9,40764,28,3,5,6,1955,0,0,0,,0,2,GAREY AV,HARRISON AV,161,N,N,A,-,N,,,,,,,,,,Y,3,0,1,4,A,-,3,22350,,F,C,B,E,A,H,-,C,D,0,Y,,,,Y,Y,A,7,0,1,0,0,1,0,0,0,0,- ,- ,,,LOS ANGELES,POMONA,-117.7486115,34.09963989
9010005,2019,1/8/2020,1942,11/5/2019,2145,42202,11,2,5,7,1942,0,0,0,K,0,11A89,NORTH FIGUEROA ST,ULYSSES ST,15,S,N,A,-,N,,,,,,,,,,N,4,0,1,2,A,-,11,21954,A,N,G,B,E,A,H,-,C,A,0,Y,,,,Y,,N,60,0,0,1,0,1,0,0,0,0,- ,- ,,,LOS ANGELES,LOS ANGELES,-118.2145996,34.08903885
9010162,2019,12/20/2019,1900,10/16/2019,2335,509623,971,3,5,4,1979,0,0,0,,0,91T4,MELROSE AV,N ROBERTSON BL,275,E,N,A,-,N,,,,,,,,,,N,4,0,1,3,A,-,8,22107,,F,G,B,E,A,H,-,C,D,0,Y,,,,Y,,A,1,0,0,1,0,1,0,0,0,0,- ,- ,34.08098984,-118.3845062,LOS ANGELES,WEST HOLLYWOOD,-118.3845749,34.08090591
9010176,2019,12/31/2019,1900,11/14/2019,1430,443069,986,4,5,4,1979,0,0,0,,0,92T2,SUNSET BL,MILLER DR,15,W,N,A,-,N,,,,,,,,,,N,4,0,1,2,A,-,10,21950,A,F,G,B,B,A,H,-,B,D,0,Y,,,,Y,,A,1,0,0,1,0,1,0,0,0,0,- ,- ,34.09420013,-118.376297,LOS ANGELES,WEST HOLLYWOOD,-118.3764267,34.09433365
9010994,2019,1/6/2020,1942,11/20/2019,1720,40574,1999,3,5,7,1942,0,0,0,,0,19A93,WOODMAN AV,WILLARD ST,0,,Y,A,-,N,,,,,,,,,,N,4,0,1,2,A,-,10,21950,A,N,G,-,B,A,H,-,C,A,0,Y,,,,Y,,N,60,0,0,1,0,1,0,0,0,0,- ,- ,,,LOS ANGELES,LOS ANGELES,-118.4309082,34.21770859
9011033,2019,1/15/2020,1942,11/13/2019,730,40141,1974,3,5,7,1942,0,0,0,,0,26R45,RAYEN ST,KESTER AV,6,E,N,A,-,N,,,,,,,,,,Y,4,0,1,2,A,-,10,21950,A,N,G,B,B,A,H,-,A,A,0,Y,,,,Y,,A,7,0,0,1,0,1,0,0,0,0,- ,- ,,,LOS ANGELES,LOS ANGELES,-118.4574814,34.2318306
9011205,2019,2/3/2020,1900,12/16/2019,911,622989,1352,1,5,3,1927,0,0,0,,0,135B,214TH ST,NORWALK BL,8,E,N,A,-,N,,,,,,,,,,N,4,0,1,2,A,-,11,21461,5,N,G,B,D,A,H,-,A,A,0,Y,,,,Y,,N,60,0,0,1,0,1,0,0,0,0,- ,- ,,,LOS ANGELES,HAWAIIAN GARDENS,-118.0720139,33.83509064
9012496,2019,2/12/2020,1900,12/9/2019,810,447537,641,1,5,6,1985,0,0,0,,0,64T1,NEWHALL RANCH RD,GRAND VIEW DR,15,E,N,A,-,N,,,,,,,,,,N,4,0,1,2,A,-,10,21950,A,N,G,B,B,A,H,-,A,A,0,Y,,,,Y,,A,1,0,0,1,0,1,0,0,0,0,- ,- ,34.42832184,-118.5504913,LOS ANGELES,SANTA CLARITA,-118.5505142,34.42820358
9013449,2019,1/9/2020,1942,8/26/2019,1830,42281,518,1,5,7,1942,0,0,0,E,0,18X36,AVALON BL,Q ST,0,,Y,A,-,N,,,,,,,,,,N,2,0,1,2,A,-,11,21955,,N,G,B,B,A,H,-,B,A,0,Y,,,,Y,,A,7,1,0,0,0,1,0,0,0,0,- ,- ,,,LOS ANGELES,LOS ANGELES,-118.263649,33.79539871
9013583,2019,1/10/2020,1969,10/9/2019,1931,10226,PATRO,3,5,5,1969,0,0,0,,0,4,SAN MIGUEL AV,SOUTHERN AV,150,S,N,A,-,N,,,,,,,,,,N,3,0,1,2,A,-,11,21950,B,N,A,B,D,A,H,-,C,D,0,Y,,,,Y,,N,60,0,1,0,0,1,0,0,0,0,- ,- ,,,LOS ANGELES,SOUTH GATE,-118.1999741,33.94996262
9013860,2019,2/18/2020,1942,12/5/2019,1830,40865,249,4,5,7,1942,0,0,0,B,0,2A69,LUCAS AV,W 5TH ST,0,,Y,A,-,N,,,,,,,,,,N,4,0,1,2,A,-,9,21801,A,N,G,B,B,A,H,-,E,D,0,Y,,,,Y,,A,1,0,0,1,0,1,0,0,0,0,- ,- ,,,LOS ANGELES,LOS ANGELES,-118.263443,34.05530167
9014161,2019,2/27/2020,1900,12/18/2019,950,430275,1513,3,5,5,1954,0,0,0,,0,151T1,WHITTIER BL,PARAMOUNT BL,0,W,N,B,-,N,,,,,,,,,,N,4,0,1,2,A,-,3,22350,,N,G,B,F,A,H,-,A,D,0,Y,,,,Y,,D,22,0,0,1,0,1,0,0,0,0,- ,- ,34.0033989,-118.088501,LOS ANGELES,PICO RIVERA,-118.0886917,34.00336838
9014399,2019,2/8/2020,1955,12/27/2019,1838,42613,92,5,5,6,1955,0,0,0,,0,4,SAN ANTONIO AV,GRAND AV,0,,Y,A,-,N,,,,,,,,,,N,3,0,1,2,A,-,10,21950,A,N,G,B,B,A,H,-,C,A,0,Y,,,,Y,,A,7,0,1,0,0,1,0,0,0,0,- ,- ,,,LOS ANGELES,POMONA,-117.7366714,34.04814911
9014711,2019,2/11/2020,1942,12/14/2019,1015,39280,397,6,5,7,1942,0,0,0,C,0,3A99,KENWOOD AV,W 43RD ST,245,N,N,A,-,N,,,,,,,,,,N,2,0,1,2,A,-,9,21804,A,N,G,B,E,A,H,-,A,D,0,Y,,,,Y,,A,1,1,0,0,0,1,0,0,0,0,- ,- ,,,LOS ANGELES,LOS ANGELES,-118.299118,34.00617218
9014792,2019,1/6/2020,1942,11/8/2019,1830,43364,1821,5,5,7,1942,0,0,0,R,0,1.80E+07,COLDEN,VERMONT,600,E,N,A,-,N,,,,,,,,,,N,3,0,1,2,A,-,11,21955,,N,G,B,D,A,H,-,C,D,0,Y,,,,Y,,N,60,0,1,0,0,1,0,0,0,0,- ,- ,,,LOS ANGELES,LOS ANGELES,-118.2896118,33.94913101