CASE_ID,ACCIDENT_YEAR,PROC_DATE,JURIS,COLLISION_DATE,COLLISION_TIME,OFFICER_ID,REPORTING_DISTRICT,DAY_OF_WEEK,CHP_SHIFT,POPULATION,CNTY_CITY_LOC,SPECIAL_COND,BEAT_TYPE,CHP_BEAT_TYPE,CITY_DIVISION_LAPD,CHP_BEAT_CLASS,BEAT_NUMBER,PRIMARY_RD,SECONDARY_RD,DISTANCE,DIRECTION,INTERSECTION,WEATHER_1,WEATHER_2,STATE_HWY_IND,CALTRANS_COUNTY,CALTRANS_DISTRICT,STATE_ROUTE,ROUTE_SUFFIX,POSTMILE_PREFIX,POSTMILE,LOCATION_TYPE,RAMP_INTERSECTION,SIDE_OF_HWY,TOW_AWAY,COLLISION_SEVERITY,NUMBER_KILLED,NUMBER_INJURED,PARTY_COUNT,PRIMARY_COLL_FACTOR,PCF_CODE_OF_VIOL,PCF_VIOL_CATEGORY,PCF_VIOLATION,PCF_VIOL_SUBSECTION,HIT_AND_RUN,TYPE_OF_COLLISION,MVIW,PED_ACTION,ROAD_SURFACE,ROAD_COND_1,ROAD_COND_2,LIGHTING,CONTROL_DEVICE,CHP_ROAD_TYPE,PEDESTRIAN_ACCIDENT,BICYCLE_ACCIDENT,MOTORCYCLE_ACCIDENT,TRUCK_ACCIDENT,NOT_PRIVATE_PROPERTY,ALCOHOL_INVOLVED,STWD_VEHTYPE_AT_FAULT,CHP_VEHTYPE_AT_FAULT,COUNT_SEVERE_INJ,COUNT_VISIBLE_INJ,COUNT_COMPLAINT_PAIN,COUNT_PED_KILLED,COUNT_PED_INJURED,COUNT_BICYCLIST_KILLED,COUNT_BICYCLIST_INJURED,COUNT_MC_KILLED,COUNT_MC_INJURED,PRIMARY_RAMP,SECONDARY_RAMP,LATITUDE,LONGITUDE,COUNTY,CITY,POINT_X,POINT_Y
9014833,2019,1/2/2020,1942,11/9/2019,200,43653,1799,6,5,7,1942,0,0,0,Q,0,17A95,PARTHENIA ST,HASKELL AV,0,,-,A,-,N,,,,,,,,,,N,3,0,1,2,A,-,9,21801,A,F,G,B,B,A,H,-,C,A,0,Y,,,,Y,,-,99,0,1,0,0,1,0,0,0,0,- ,- ,,,LOS ANGELES,LOS ANGELES,-118.4764023,34.22832108
9014862,2019,2/8/2020,1941,12/14/2019,1927,11381,,6,5,7,1941,0,0,0,,0,,SOUTH ST,DOWNEY AV,0,,-,A,-,N,,,,,,,,,,N,4,0,1,2,A,-,12,21453,,N,A,B,B,A,H,-,C,A,0,Y,,,,Y,,N,,0,0,1,0,1,0,0,0,0,- ,- ,,,LOS ANGELES,LONG BEACH,-118.1511765,33.86022186
9014878,2019,2/8/2020,1941,12/15/2019,1332,11370,,7,5,7,1941,0,0,0,,0,,33RD ST,ATLANTIC AV,0,,Y,G,-,N,,,,,,,,,,N,4,0,1,2,A,-,10,21963,,N,H,B,B,A,H,-,A,A,0,Y,,,,Y,,A,,0,0,1,0,1,0,0,0,0,- ,- ,,,LOS ANGELES,LONG BEACH,-118.1850281,33.81710052
9014931,2019,2/10/2020,1942,12/8/2019,1905,42008,1313,7,5,7,1942,0,0,0,M,0,13G34,ESSEX ST,14TH ST,30,S,N,A,-,N,,,,,,,,,,N,2,0,1,2,A,-,3,22350,,F,G,B,E,A,H,-,C,D,0,Y,,,,Y,,-,99,1,0,0,0,1,0,0,0,0,- ,- ,,,LOS ANGELES,LOS ANGELES,-118.2480392,34.02892303
9015762,2019,2/14/2020,1942,12/15/2019,2345,36814,449,7,5,7,1942,0,0,0,D,0,4A59,N FICKETT ST,WABASH AV,0,,Y,A,-,N,,,,,,,,,,N,3,0,1,2,A,-,10,21950,A,N,G,B,B,A,H,-,C,A,0,Y,,,,Y,,A,7,0,1,0,0,1,0,0,0,0,- ,- ,,,LOS ANGELES,LOS ANGELES,-118.2018814,34.0521698
9017896,2019,2/12/2020,1942,12/19/2019,855,43659,315,4,5,7,1942,0,0,0,,0,3A19,W ADAMS BL,S GRAMERCY PL,0,,Y,A,-,N,,,,,,,,,,N,4,0,1,2,A,-,8,22107,,N,G,B,B,A,-,-,A,A,0,Y,,,,Y,,A,1,0,0,1,0,1,0,0,0,0,- ,- ,,,LOS ANGELES,LOS ANGELES,-118.3133316,34.03266144
9017908,2019,2/10/2020,1942,12/18/2019,1915,42364,392,3,5,7,1942,0,0,0,C,0,3A73,W 48TH ST,10TH AV,50,E,N,A,-,N,,,,,,,,,,N,4,0,1,3,A,-,17,22517,,F,B,E,E,A,H,-,C,A,0,Y,,,,Y,,A,1,0,0,1,0,1,0,0,0,0,- ,- ,,,LOS ANGELES,LOS ANGELES,-118.3279953,33.99998856
9018498,2019,1/22/2020,1942,11/27/2019,2150,41072,354,3,5,7,1942,0,0,0,C,0,3A31,W JEFFERSON BL,9TH AV,36,E,N,C,-,N,,,,,,,,,,N,2,0,1,2,A,-,11,21954,A,N,G,B,D,B,H,-,C,A,0,Y,,,,Y,,N,60,1,0,0,0,1,0,0,0,0,- ,- ,,,LOS ANGELES,LOS ANGELES,-118.3270645,34.02560043
9018525,2019,1/21/2020,1942,10/28/2019,2230,39292,563,1,5,7,1942,0,0,0,E,0,5A11W3,PACIFIC AV,10TH ST,0,,Y,A,-,N,,,,,,,,,,N,2,0,1,2,A,-,10,21950,,N,G,B,B,A,H,-,C,D,0,Y,,,,Y,,A,1,1,0,0,0,1,0,0,0,0,- ,- ,,,LOS ANGELES,LOS ANGELES,-118.2879333,33.73514938
9018655,2019,1/27/2020,1942,11/22/2019,705,43791,351,5,5,7,1942,0,0,0,C,0,05A39,259TH ST,WESTERN AV,0,,Y,A,-,N,,,,,,,,,,N,4,0,2,3,A,-,10,21950,A,N,G,B,B,A,H,-,A,A,0,Y,,,,Y,,D,22,0,0,2,0,2,0,0,0,0,- ,- ,,,LOS ANGELES,LOS ANGELES,-118.3076935,33.78821182
9019371,2019,2/7/2020,1942,12/3/2019,145,42265,357,2,5,7,1942,0,0,0,C,0,3A55W3,VERMONT AV,36TH PL,0,,Y,A,-,N,,,,,,,,,,N,4,0,1,2,A,-,10,21950,,N,-,-,-,A,H,-,B,-,0,Y,,,,Y,,A,1,0,0,1,0,1,0,0,0,0,- ,- ,,,LOS ANGELES,LOS ANGELES,-118.2915497,34.02207184
9019403,2019,2/7/2020,1942,12/20/2019,1400,40404,1802,5,5,7,1942,0,0,0,R,0,18A1,S BROADWAY,W MANCHESTER AV,0,,Y,A,-,N,,,,,,,,,,N,2,0,1,2,A,-,11,21453,D,N,G,B,B,A,H,-,A,A,0,Y,,,,Y,,N,60,1,0,0,0,1,0,0,0,0,- ,- ,,,LOS ANGELES,LOS ANGELES,-118.2782822,33.96007919
9019955,2019,2/5/2020,1942,12/7/2019,210,42994,2134,6,5,7,1942,0,0,0,,0,21A1,TOPANGA CANYON BL,SHERMAN WAY,0,,Y,C,-,N,,,,,,,,,,Y,2,0,1,3,A,-,8,22102,,N,D,B,E,B,H,-,C,D,0,Y,,,,Y,,A,1,1,0,0,0,1,0,0,0,0,- ,- ,,,LOS ANGELES,LOS ANGELES,-118.605957,34.20101929
9020174,2019,1/14/2020,1920,11/15/2019,2150,13321,1920,5,5,6,1920,0,0,0,,0,3,TWEEDY LN,BOTANY ST,23,S,N,A,-,N,,,,,,,,,,N,4,0,1,2,A,-,8,22107,,N,G,B,E,A,H,-,C,A,0,Y,,,,Y,,D,22,0,0,1,0,1,0,0,0,0,- ,- ,,,LOS ANGELES,DOWNEY,-118.1224899,33.9670639
9020288,2019,2/3/2020,1942,11/9/2019,1930,42945,1259,6,5,7,1942,0,0,0,L,0,12A3,77TH ST,CENTRAL AV,300,W,N,A,-,N,,,,,,,,,,N,3,0,1,3,A,-,3,22350,,F,G,B,E,A,H,-,B,D,0,Y,,,,Y,,-,99,0,1,0,0,1,0,0,0,0,- ,- ,,,LOS ANGELES,LOS ANGELES,-118.2574081,33.96937943
9020308,2019,1/8/2020,1942,11/13/2019,1630,41193,1993,3,5,7,1942,0,0,0,,0,19A75,BURTON ST,WISNER AV,0,,Y,A,-,N,,,,,,,,,,N,4,0,1,2,A,-,9,21801,A,N,G,B,B,B,H,-,A,A,0,Y,,Y,,Y,,C,6,0,0,1,0,1,0,0,0,0,- ,- ,,,LOS ANGELES,LOS ANGELES,-118.4627228,34.2204895
9020983,2019,2/26/2020,1941,12/17/2019,857,11392,,2,5,7,1941,0,0,0,,0,,BURNETT ST,WEBSTER AV,0,,Y,A,-,N,,,,,,,,,,N,4,0,1,2,A,-,10,21950,A,N,A,B,C,A,H,-,A,D,0,Y,,,,Y,,A,,0,0,1,0,1,0,0,0,0,- ,- ,,,LOS ANGELES,LONG BEACH,-118.2198029,33.80075073
9021034,2019,2/13/2020,1941,12/16/2019,1425,5767,,1,5,7,1941,0,0,0,,0,,ORANGE AV,HARDING ST,0,,Y,A,-,N,,,,,,,,,,N,4,0,1,2,A,-,10,21950,A,N,A,B,B,A,H,-,A,A,0,Y,,,,Y,,A,,0,0,1,0,1,0,0,0,0,- ,- ,,,LOS ANGELES,LONG BEACH,-118.1773376,33.86732864
9021463,2019,1/9/2020,1913,11/22/2019,830,3845,11,5,5,4,1913,0,0,0,,0,,BONITA AV,CAMBRIDGE AV,0,,Y,A,-,N,,,,,,,,,,N,4,0,1,2,A,-,10,21950,,N,G,B,B,A,H,-,A,A,0,Y,,,,Y,,A,7,0,0,1,0,1,0,0,0,0,- ,- ,,,LOS ANGELES,CLAREMONT,-117.7273865,34.09637833
9021761,2019,1/11/2020,1900,11/14/2019,1900,623044,1366,4,5,5,1952,0,0,0,,0,136D,72ND ST,MYRTLE AV,75,W,N,A,-,N,,,,,,,,,,N,4,0,1,2,A,-,11,21954,A,N,G,B,D,A,H,-,C,D,0,Y,,,,Y,,N,60,0,0,1,0,1,0,0,0,0,- ,- ,33.88550186,-118.1822968,LOS ANGELES,PARAMOUNT,-118.1821289,33.88544846
9021878,2019,2/8/2020,1942,12/13/2019,720,42776,1959,5,5,7,1942,0,0,0,,0,19A7,BARTEE AV,PIERCE ST,0,,Y,A,-,N,,,,,,,,,,N,3,0,2,3,A,-,10,21950,A,N,G,B,B,A,A,H,-,A,0,Y,,,,Y,,-,,0,2,0,0,2,0,0,0,0,- ,- ,,,LOS ANGELES,LOS ANGELES,-118.4338989,34.25220871
9022280,2019,2/10/2020,1942,12/14/2019,2330,43173,1637,6,5,7,1942,0,0,0,P,0,16A35,FOOTHILL BL,WOODWARD AV,40,W,N,A,-,N,,,,,,,,,,N,2,0,1,2,A,-,11,21956,A,N,G,B,D,A,H,-,C,A,0,Y,,,,Y,,N,60,1,0,0,0,1,0,0,0,0,- ,- ,,,LOS ANGELES,LOS ANGELES,-118.3071899,34.25965118
9022284,2019,2/18/2020,1942,12/19/2019,900,30452,1716,4,5,7,1942,0,0,0,Q,0,17A35,MIDWOOD DR,BALBOA BL,185,W,N,A,-,N,,,,,,,,,,N,4,0,1,2,C,-,18,,,F,G,B,E,A,H,-,A,D,0,Y,,,,Y,,-,- ,0,0,1,0,1,0,0,0,0,- ,- ,,,LOS ANGELES,LOS ANGELES,-118.5026703,34.287323
9022653,2019,2/18/2020,1942,12/3/2019,2110,43587,SOW03,2,5,7,1942,0,0,0,,0,3A92,FIGUEROA ST,EXPOSITION BL,10,N,N,A,C,N,,,,,,,,,,N,4,0,1,2,B,-,22,,,N,G,B,B,B,H,-,C,A,0,Y,,,,Y,,-,- ,0,0,1,0,1,0,0,0,0,- ,- ,,,LOS ANGELES,LOS ANGELES,-118.282402,34.01817322
9022973,2019,1/17/2020,1946,11/21/2019,725,P41,1946,4,5,4,1946,0,0,0,,0,3,LOS ANGELES,CALIFORNIA,2,W,N,A,-,N,,,,,,,,,,N,4,0,2,3,A,-,10,21950,A,N,G,B,B,A,H,-,A,D,0,Y,,,,Y,,-,- ,0,0,2,0,2,0,0,0,0,- ,- ,,,LOS ANGELES,MONROVIA,-117.9950333,34.13769913
9023009,2019,1/17/2020,1942,11/17/2019,1255,42428,1203,7,5,7,1942,0,0,0,L,0,12A39,WESTERN AV,52ND ST,0,,Y,A,-,N,,,,,,,,,,N,3,0,1,2,A,-,10,21950,A,N,G,B,-,A,H,-,A,A,0,Y,,,,Y,,A,7,0,1,0,0,1,0,0,0,0,- ,- ,,,LOS ANGELES,LOS ANGELES,-118.3089371,33.99505997
9023406,2019,2/4/2020,1900,12/24/2019,727,551894,642,2,5,6,1985,0,0,0,,0,64,NORTH PARK AV,TIMBERLANE DR,0,,Y,A,-,N,,,,,,,,,,N,3,0,1,2,A,-,3,22350,,N,G,B,D,A,H,-,A,D,0,Y,,,,Y,,A,1,0,1,0,0,1,0,0,0,0,- ,- ,34.45138931,-118.545578,LOS ANGELES,SANTA CLARITA,-118.5453415,34.45145035
9023421,2019,2/4/2020,1942,12/27/2019,815,38326,1981,5,5,7,1942,0,0,0,,0,19A61,PARTHENIA ST,LANGDON AV,10,E,N,A,-,N,,,,,,,,,,N,4,0,1,2,A,-,10,21950,A,F,G,B,B,A,H,-,A,A,0,Y,,,,Y,,-,99,0,0,1,0,1,0,0,0,0,- ,- ,,,LOS ANGELES,LOS ANGELES,-118.4698257,34.22827911
9024206,2019,7/13/2020,1942,11/25/2019,1620,30830,1675,1,5,7,1942,0,0,0,P,0,16A75,SUNLAND BL,RT 5,0,,Y,A,-,Y,LA,7,1,-,-,39.326,I,5,N,N,4,0,1,2,A,-,10,21950,A,N,G,B,B,-,A,H,A,A,0,Y,,,,Y,,D,22,0,0,1,0,1,0,0,0,0,- ,- ,,,LOS ANGELES,LOS ANGELES,-118.5556717,34.03857422
9024290,2019,2/15/2020,1942,12/13/2019,740,39347,2118,5,5,7,1942,0,0,0,,0,21A1,LURLINE AV,CANTARA,0,,Y,A,-,N,,,,,,,,,,N,4,0,1,2,A,-,10,21950,A,N,G,B,B,A,H,-,A,D,0,Y,,,,Y,,A,1,0,0,1,0,1,0,0,0,0,- ,- ,,,LOS ANGELES,LOS ANGELES,-118.5837021,34.21908951
9024299,2019,2/15/2020,1942,12/27/2019,2000,38033,2125,5,5,7,1942,0,0,0,,0,21A5,SATICOY ST,OWENSMOUTH AV,0,,Y,A,-,N,,,,,,,,,,N,4,0,2,3,A,-,10,21950,A,N,G,B,B,A,H,-,C,A,0,Y,,,,Y,,A,1,0,0,2,0,2,0,0,0,0,- ,- ,,,LOS ANGELES,LOS ANGELES,-118.6015778,34.20832062
9024327,2019,6/19/2020,1942,11/27/2019,1025,32973,1303,3,5,7,1942,0,0,0,M,0,13A13,E 12TH ST,S SAN PEDRO ST,60,W,N,C,-,N,,,,,,,,,,N,4,0,1,2,A,-,10,21954,B,F,G,B,E,B,H,-,A,D,0,Y,,,,Y,,-,- ,0,0,1,0,1,0,0,0,0,- ,- ,,,LOS ANGELES,LOS ANGELES,-118.2534866,34.03382111
9024505,2019,2/11/2020,1942,12/24/2019,1200,38357,1364,2,5,7,1942,0,0,0,M,0,13A75,HOOPER AV,E 48TH ST,20,N,N,A,-,N,,,,,,,,,,N,4,0,1,2,A,-,21,22106,,F,G,B,E,A,H,-,A,D,0,Y,,,,Y,,-,99,0,0,1,0,1,0,0,0,0,- ,- ,,,LOS ANGELES,LOS ANGELES,-118.2521439,34.00024414
9024534,2019,2/8/2020,1942,12/15/2019,1518,43828,1205,7,5,7,1942,0,0,0,L,0,12A45,NORMANDIE AV,51ST ST,0,,Y,A,G,N,,,,,,,,,,N,3,0,2,3,A,-,10,21950,A,N,G,B,B,A,H,-,A,A,0,Y,,,,Y,,A,1,0,1,1,0,2,0,0,0,0,- ,- ,,,LOS ANGELES,LOS ANGELES,-118.3001709,33.9968605
9024551,2019,2/12/2020,1942,12/16/2019,1731,31466,854,1,5,7,1942,0,0,0,H,0,8A36,SEPULVEDA BL,MISSOURI AV,5,S,Y,A,-,N,,,,,,,,,,N,4,0,1,2,A,-,10,21950,A,N,G,B,B,A,H,-,C,A,0,Y,,,,Y,,A,1,0,0,1,0,1,0,0,0,0,- ,- ,,,LOS ANGELES,LOS ANGELES,-118.4416199,34.04449844
9024629,2019,2/8/2020,1942,12/16/2019,1735,43278,1519,1,5,7,1942,0,0,0,O,0,15A12,CLEON AV,ARCHWOOD ST,100,N,N,A,-,N,,,,,,,,,,N,4,0,1,2,A,-,11,21954,A,N,G,B,D,A,H,-,C,D,0,Y,,,,Y,,N,60,0,0,1,0,1,0,0,0,0,- ,- ,,,LOS ANGELES,LOS ANGELES,-118.3681564,34.19238281
9024942,2019,2/12/2020,1942,12/15/2019,1150,43311,1245,7,5,7,1942,0,0,0,L,0,12X32,FLORENCE AV,BUDLONG AV,0,,Y,A,-,N,,,,,,,,,,N,4,0,1,2,A,-,11,21950,B,N,G,B,B,A,H,-,A,A,0,Y,,,,Y,,N,60,0,0,1,0,1,0,0,0,0,- ,- ,,,LOS ANGELES,LOS ANGELES,-118.2962036,33.97460938
9025241,2019,2/5/2020,1975,10/2/2019,1815,431,CITRU,3,5,6,1975,0,0,0,,0,1,VINCENT AV,WORKMAN AV,10,N,N,A,-,N,,,,,,,,,,N,3,0,1,2,A,-,11,21954,A,N,D,B,B,A,H,-,A,A,0,Y,,,,Y,,N,60,0,1,0,0,1,0,0,0,0,- ,- ,,,LOS ANGELES,WEST COVINA,-117.9263611,34.07549667
9027919,2019,2/4/2020,1942,12/17/2019,1940,42314,1455,2,5,7,1942,0,0,0,N,0,14A45,SHORT AV,S CENTINELLA AV,0,,Y,A,-,N,,,,,,,,,,N,4,0,1,2,A,-,10,21950,A,N,G,B,B,A,H,-,C,A,0,Y,,,,Y,,A,1,0,0,1,0,1,0,0,0,0,- ,- ,,,LOS ANGELES,LOS ANGELES,-118.4233704,33.99291992
9027941,2019,2/26/2020,1941,12/24/2019,726,11338,,2,5,7,1941,0,0,0,,0,,OCEAN BL,ORANGE AV,0,,Y,A,-,N,,,,,,,,,,N,4,0,1,2,A,-,10,21950,A,F,B,B,B,A,H,-,A,A,0,Y,,,,Y,Y,A,,0,0,1,0,1,0,0,0,0,- ,- ,,,LOS ANGELES,LONG BEACH,-118.1773605,33.76567078
9028039,2019,3/6/2020,1900,12/26/2019,1755,624625,1133,4,5,6,1992,0,0,0,,0,112T1,CHALLENGER WY,AVENUE H,1730,S,N,C,D,N,,,,,,,,,,N,2,0,2,3,C,-,18,,,F,G,B,E,C,H,-,D,A,0,Y,,,,Y,,-,- ,1,1,0,0,2,0,0,0,0,- ,- ,,,LOS ANGELES,LANCASTER,-118.1124268,34.71417236
9029169,2019,1/25/2020,1942,11/28/2019,2040,42471,331,4,5,7,1942,0,0,0,C,0,3A31,W ADAMS BL,WEST VIEW ST,6,E,N,C,-,N,,,,,,,,,,N,2,0,1,2,A,-,3,22350,,F,G,B,B,B,H,-,C,D,0,Y,,,,Y,,-,99,1,0,0,0,1,0,0,0,0,- ,- ,,,LOS ANGELES,LOS ANGELES,-118.3484802,34.03252792
9030167,2019,2/10/2020,1942,10/21/2019,1755,37852,1821,1,5,7,1942,0,0,0,R,0,,103RD ST,CENTRAL,0,,Y,A,-,N,,,,,,,,,,N,3,0,1,2,A,-,11,21955,,N,G,B,D,A,-,-,B,D,0,Y,,,,Y,,N,60,0,1,0,0,1,0,0,0,0,- ,- ,,,LOS ANGELES,LOS ANGELES,-118.2541122,33.94327164
9032244,2019,1/25/2020,1900,11/19/2019,2055,622431,1332,2,5,5,1908,0,0,0,,0,133T2,RT 19,ROSECRANS AV,0,,Y,A,-,N,,,,,,,,,,N,3,0,1,2,D,-,0,,,N,D,B,B,A,H,-,C,A,0,Y,,,,Y,,-,- ,0,1,0,0,1,0,0,0,0,- ,- ,,,LOS ANGELES,BELLFLOWER,-118.14282,33.90379
9032438,2019,2/12/2020,1942,12/16/2019,1530,42979,354,1,5,7,1942,0,0,0,C,0,3A28,ARLINGTON AV,36TH PL,0,,Y,A,-,N,,,,,,,,,,N,3,0,1,2,A,-,10,21950,A,N,G,B,B,A,H,-,A,A,0,Y,,,,Y,,A,1,0,1,0,0,1,0,0,0,0,- ,- ,,,LOS ANGELES,LOS ANGELES,-118.3176575,34.02185059
9032590,2019,2/5/2020,1942,12/21/2019,2235,33223,1526,6,5,7,1942,0,0,0,O,0,15A67,FARMDALE AV,BESSEMER ST,75,N,N,A,-,N,,,,,,,,,,N,3,0,1,2,A,-,3,22350,,F,G,B,E,A,H,-,C,D,0,Y,,,,Y,,-,99,0,1,0,0,1,0,0,0,0,- ,- ,,,LOS ANGELES,LOS ANGELES,-118.3812714,34.18053436
9032594,2019,2/5/2020,1942,12/31/2019,945,39157,1545,2,5,7,1942,0,0,0,O,0,15A43,LAUREL CANYON BL,RIVERSIDE DR,200,N,N,A,-,N,,,,,,,,,,N,4,0,1,2,A,-,21,22106,,F,G,B,F,A,H,-,A,D,0,Y,,,,Y,,A,1,0,0,1,0,1,0,0,0,0,- ,- ,,,LOS ANGELES,LOS ANGELES,-118.396492,34.15816879
9032786,2019,2/10/2020,1942,12/23/2019,1453,41671,2038,1,5,7,1942,0,0,0,,0,20A69,S WESTMORELAND AV,W 8TH ST,0,,Y,C,-,N,,,,,,,,,,N,4,0,1,2,A,-,10,21950,A,N,G,B,B,B,H,-,A,A,0,Y,,,,Y,,A,1,0,0,1,0,1,0,0,0,0,- ,- ,,,LOS ANGELES,LOS ANGELES,-118.2890778,34.05773926
9032794,2019,2/10/2020,1942,12/22/2019,1730,42232,2049,7,5,7,1942,0,0,0,,0,20A16,SAN MARINO ST,WESTMORELAND AV,0,,Y,B,-,N,,,,,,,,,,N,4,0,1,2,A,-,10,21950,A,N,G,B,B,A,H,-,C,A,0,Y,,,,Y,,A,7,0,0,1,0,1,0,0,0,0,- ,- ,,,LOS ANGELES,LOS ANGELES,-118.2890778,34.05500031
9032798,2019,2/10/2020,1942,12/13/2019,1740,41671,2071,5,5,7,1942,0,0,0,,0,20A71,VENICE BL,S GRAMERCY PL,0,,Y,A,-,N,,,,,,,,,,N,3,0,1,2,A,-,11,21950,B,N,G,B,B,A,H,-,C,D,0,Y,,,,Y,Y,N,60,0,1,0,0,1,0,0,0,0,- ,- ,,,LOS ANGELES,LOS ANGELES,-118.3130417,34.04356003
9034325,2019,1/24/2020,1922,12/5/2019,802,569,,4,5,6,1922,0,0,0,,0,,KLINGERMAN ST,PARKWAY DR,0,,Y,A,-,N,,,,,,,,,,N,4,0,1,2,A,-,10,21950,A,N,G,B,D,A,H,-,A,D,0,Y,,,,Y,,A,1,0,0,1,0,1,0,0,0,0,- ,- ,34.04650116,-118.0186005,LOS ANGELES,EL MONTE,-118.0186081,34.04653168
9036577,2019,1/29/2020,1942,12/30/2019,945,42314,2031,1,5,7,1942,0,0,0,,0,20A53,SAINT ANDREWS PL,7TH ST,0,,Y,B,-,N,,,,,,,,,,N,3,0,1,2,A,-,10,21950,A,N,G,B,B,A,H,-,A,A,0,Y,,,,Y,,A,1,0,1,0,0,1,0,0,0,0,- ,- ,,,LOS ANGELES,LOS ANGELES,-118.3111877,34.05966187
9036644,2019,2/7/2020,1942,12/31/2019,2020,43441,2011,2,5,7,1942,0,0,0,,0,20A1,3RD ST,WESTERN AV,10,E,N,A,-,N,,,,,,,,,,N,2,0,1,2,A,-,11,21456,B,N,G,B,B,A,H,-,C,A,0,Y,,,,Y,,N,60,1,0,0,0,1,0,0,0,0,- ,- ,,,LOS ANGELES,LOS ANGELES,-118.3090897,34.06896973
9036998,2019,2/4/2020,1901,12/25/2019,118,171,25,3,5,5,1901,0,0,0,,0,3,WESTMONT,POPLAR,283,S,N,A,-,N,,,,,,,,,,Y,3,0,2,7,A,-,1,23152,A,N,B,B,F,A,H,-,C,D,0,Y,,,,Y,Y,A,1,0,2,0,0,1,0,0,0,0,- ,- ,,,LOS ANGELES,ALHAMBRA,-118.1593857,34.08813477
9038566,2019,2/11/2020,1942,12/30/2019,755,27792,1966,1,5,7,1942,0,0,0,,0,19A75,VAN NUYS BL,GLEDHILL ST,20,S,N,B,-,N,,,,,,,,,,N,4,0,1,2,A,-,10,21950,A,F,G,B,B,A,H,-,A,A,0,Y,,,,Y,,-,99,0,0,1,0,1,0,0,0,0,- ,- ,,,LOS ANGELES,LOS ANGELES,-118.4502335,34.24126434
9040740,2019,2/5/2020,1920,12/29/2019,2358,13285,1920,7,5,6,1920,0,0,0,,0,3,WILEY BURKE AV,FLORENCE AV,42,N,N,A,-,N,,,,,,,,,,Y,4,0,2,2,A,-,1,23152,G,N,G,B,F,A,H,-,C,A,0,Y,,,,Y,,A,1,0,0,2,0,1,0,0,0,0,- ,- ,,,LOS ANGELES,DOWNEY,-118.1373825,33.95716095
9042509,2019,2/12/2020,1938,11/18/2019,1650,184,,1,5,4,1938,0,0,0,,0,2,D ST,ARROW HWY,245,N,N,A,-,N,,,,,,,,,,N,3,0,1,2,A,-,11,21954,A,N,G,B,D,A,H,-,C,A,0,Y,,,,Y,,N,60,0,1,0,0,1,0,0,0,0,- ,- ,34.09775162,-117.7712173,LOS ANGELES,LA VERNE,-117.7710266,34.0983696
9043970,2019,2/26/2020,1925,12/30/2019,2047,28134,2,1,5,6,1925,0,0,0,,0,223,DORAN,BRAND,17,E,N,A,-,N,,,,,,,,,,Y,2,0,1,2,A,-,8,22100,A,F,G,B,B,A,H,-,C,A,0,Y,,,,Y,,A,1,1,0,0,0,1,0,0,0,0,- ,- ,,,LOS ANGELES,GLENDALE,-118.2551117,34.15465164
9044799,2019,3/9/2020,1942,9/21/2019,1910,42726,644,6,5,7,1942,0,0,0,F,0,6A45,LA BREA AV,DE LONGPRE AV,0,,Y,A,-,N,,,,,,,,,,N,4,0,1,2,A,-,3,22350,,N,G,B,D,A,H,-,C,D,0,Y,,,,Y,,A,1,0,0,1,0,1,0,0,0,0,- ,- ,,,LOS ANGELES,LOS ANGELES,-118.3441162,34.09614182
9045625,2019,2/14/2020,1942,12/15/2019,220,43861,666,7,5,7,1942,0,0,0,F,0,6A66,SUNSET BL,IVAR AV,25,E,N,A,-,N,,,,,,,,,,N,3,0,1,2,A,-,11,21954,A,N,G,B,D,A,H,-,C,A,0,Y,,,,Y,,N,60,0,1,0,0,1,0,0,0,0,- ,- ,,,LOS ANGELES,LOS ANGELES,-118.3287201,34.09799957
9045627,2019,2/14/2020,1900,12/26/2019,2300,532991,1416,4,5,1,1932,0,0,0,,0,141T,COLIMA RD,WALNUT HALL RD,12,E,N,A,-,N,,,,,,,,,,Y,3,0,1,2,A,-,12,21453,A,M,G,B,B,A,H,-,C,A,0,Y,,,,Y,,A,1,0,1,0,0,1,0,0,0,0,- ,- ,33.99011993,-117.9176025,LOS ANGELES,INDUSTRY,-117.9176941,33.99020767
9045634,2019,2/15/2020,1942,12/31/2019,1840,42815,857,2,5,7,1942,0,0,0,H,0,8A14,PICO BL,REXFORD DR,0,,Y,A,-,N,,,,,,,,,,N,3,0,1,2,A,-,10,21950,A,N,G,B,B,A,H,-,C,D,0,Y,,,,Y,,A,1,0,1,0,0,1,0,0,0,0,- ,- ,,,LOS ANGELES,LOS ANGELES,-118.3943024,34.05527115
9046992,2019,2/24/2020,1900,11/22/2019,1120,630400,241,5,5,3,1914,0,0,0,,0,27T1D,MARIANNA AV,LOVETT ST,80,N,N,A,-,N,,,,,,,,,,N,3,0,1,3,A,-,7,21658,,M,G,B,E,A,D,-,A,D,0,Y,,,,Y,,-,99,0,1,0,0,1,0,0,0,0,- ,- ,34.01388168,-118.1759262,LOS ANGELES,COMMERCE,-118.1758881,34.01398087