CASE_ID,ACCIDENT_YEAR,PROC_DATE,JURIS,COLLISION_DATE,COLLISION_TIME,OFFICER_ID,REPORTING_DISTRICT,DAY_OF_WEEK,CHP_SHIFT,POPULATION,CNTY_CITY_LOC,SPECIAL_COND,BEAT_TYPE,CHP_BEAT_TYPE,CITY_DIVISION_LAPD,CHP_BEAT_CLASS,BEAT_NUMBER,PRIMARY_RD,SECONDARY_RD,DISTANCE,DIRECTION,INTERSECTION,WEATHER_1,WEATHER_2,STATE_HWY_IND,CALTRANS_COUNTY,CALTRANS_DISTRICT,STATE_ROUTE,ROUTE_SUFFIX,POSTMILE_PREFIX,POSTMILE,LOCATION_TYPE,RAMP_INTERSECTION,SIDE_OF_HWY,TOW_AWAY,COLLISION_SEVERITY,NUMBER_KILLED,NUMBER_INJURED,PARTY_COUNT,PRIMARY_COLL_FACTOR,PCF_CODE_OF_VIOL,PCF_VIOL_CATEGORY,PCF_VIOLATION,PCF_VIOL_SUBSECTION,HIT_AND_RUN,TYPE_OF_COLLISION,MVIW,PED_ACTION,ROAD_SURFACE,ROAD_COND_1,ROAD_COND_2,LIGHTING,CONTROL_DEVICE,CHP_ROAD_TYPE,PEDESTRIAN_ACCIDENT,BICYCLE_ACCIDENT,MOTORCYCLE_ACCIDENT,TRUCK_ACCIDENT,NOT_PRIVATE_PROPERTY,ALCOHOL_INVOLVED,STWD_VEHTYPE_AT_FAULT,CHP_VEHTYPE_AT_FAULT,COUNT_SEVERE_INJ,COUNT_VISIBLE_INJ,COUNT_COMPLAINT_PAIN,COUNT_PED_KILLED,COUNT_PED_INJURED,COUNT_BICYCLIST_KILLED,COUNT_BICYCLIST_INJURED,COUNT_MC_KILLED,COUNT_MC_INJURED,PRIMARY_RAMP,SECONDARY_RAMP,LATITUDE,LONGITUDE,COUNTY,CITY,POINT_X,POINT_Y
9047378,2019,3/3/2020,1900,11/6/2019,1620,507965,262,3,5,4,1917,0,0,0,,0,26T,WILCOX AV,LIVE OAK ST,0,,Y,A,-,N,,,,,,,,,,N,4,0,1,2,A,-,10,21950,A,N,G,B,B,A,H,-,A,A,0,Y,,,,Y,,A,1,0,0,1,0,1,0,0,0,0,- ,- ,,,LOS ANGELES,CUDAHY,-118.1782303,33.96696091
9052180,2019,2/28/2020,1965,7/17/2019,1208,3693,0B3A,3,5,5,1965,0,0,0,,0,B003,ARIZONA AV,18TH ST,0,,Y,A,-,N,,,,,,,,,,,4,0,1,2,A,-,9,21802,A,N,G,B,E,A,H,-,A,A,0,Y,,,,Y,,A,1,0,0,1,0,1,0,0,0,0,- ,- ,37.01733017,-121.0099182,LOS ANGELES,SANTA MONICA,-118.4834976,34.02848053
9052341,2019,3/18/2020,1965,5/4/2019,1837,3553,0B3A,6,5,5,1965,0,0,0,,0,B003,SANTA MONICA PL N,HARVARD ST,128,E,N,A,-,N,,,,,,,,,,,2,0,1,2,C,-,18,,,N,G,B,D,A,H,-,A,D,0,Y,,,,Y,,-,- ,1,0,0,0,1,0,0,0,0,- ,- ,,,LOS ANGELES,SANTA MONICA,-118.4722595,34.03495407
9052344,2019,3/18/2020,1965,5/19/2019,2139,3993,0B1L,7,5,5,1965,0,0,0,,0,B001,2ND ST,SANTA MONICA BL,0,,-,A,-,N,,,,,,,,,,,3,0,2,3,A,-,3,22350,,N,G,B,C,A,H,-,C,D,0,Y,,,,Y,,A,1,0,2,0,0,2,0,0,0,0,- ,- ,,,LOS ANGELES,SANTA MONICA,-118.4970703,34.01488113
9052345,2019,3/18/2020,1965,5/2/2019,2215,3158,0B1F,4,5,5,1965,0,0,0,,0,B001,NIELSON WY,PIER AV,475,N,N,A,-,N,,,,,,,,,,,3,0,1,2,A,-,10,21950,A,F,G,B,C,A,H,-,C,A,0,Y,,,,Y,,A,1,0,1,0,0,1,0,0,0,0,- ,- ,,,LOS ANGELES,SANTA MONICA,-118.48172,33.99912262
9052746,2019,3/4/2020,1965,3/21/2019,2125,3911,0B43,4,5,5,1965,0,0,0,,0,B004,16TH ST,MONTANA AV,0,,Y,A,-,N,,,,,,,,,,N,4,0,1,2,A,-,10,21950,A,N,G,B,B,A,H,-,C,D,0,Y,,,,Y,,A,1,0,0,1,0,1,0,0,0,0,- ,- ,,,LOS ANGELES,SANTA MONICA,-118.493309,34.03372955
9056349,2019,3/17/2020,1942,12/31/2019,1000,39395,111,2,5,7,1942,0,0,0,A,0,1A1,NORTH HILL RD,ORD ST,0,,N,A,-,N,,,,,,,,,,N,3,0,1,2,A,-,10,21950,A,N,G,B,B,A,H,-,A,A,0,Y,,,,Y,,A,1,0,1,0,0,1,0,0,0,0,- ,- ,,,LOS ANGELES,LOS ANGELES,-118.2404938,34.06074142
9060116,2019,3/9/2020,1965,8/26/2019,2055,3158,0B4E,1,5,5,1965,0,0,0,,0,B004,MONTANA AV,15TH ST,11,E,N,A,-,N,,,,,,,,,,N,3,0,1,2,A,-,10,21950,A,N,G,B,B,A,H,-,C,D,0,Y,,,,Y,,A,1,0,1,0,0,1,0,0,0,0,- ,- ,37.02421951,-121.0173264,LOS ANGELES,SANTA MONICA,-118.4942245,34.03298187
9060206,2019,3/5/2020,1965,8/15/2019,1750,3553,0B3C,4,5,5,1965,0,0,0,,0,B003,BROADWAY,17TH ST,5,W,N,A,-,N,,,,,,,,,,N,3,0,1,2,A,-,10,21950,A,N,G,B,B,A,H,-,A,A,0,Y,,,,Y,,A,1,0,1,0,0,1,0,0,0,0,- ,- ,,,LOS ANGELES,SANTA MONICA,-118.4813385,34.02505875
9060368,2019,3/17/2020,1948,10/2/2019,1215,374,1948,3,5,5,1948,0,0,0,,0,2,BALTIMORE AV,HAMPTON AV,0,,Y,A,-,N,,,,,,,,,,,3,0,1,2,A,-,10,21952,,N,G,B,F,A,H,-,A,A,0,Y,,,,Y,,A,1,0,1,0,0,1,0,0,0,0,- ,- ,34.06851959,-118.1244431,LOS ANGELES,MONTEREY PARK,-118.1244812,34.06855011
9060539,2019,3/6/2020,1900,12/13/2019,1438,641155,1351,5,5,3,1927,0,0,0,,0,132B,ELAINE AV,221ST ST,0,,Y,A,-,N,,,,,,,,,,N,4,0,1,2,A,-,11,21950,B,N,G,B,D,A,H,-,A,D,0,Y,,,,Y,,N,60,0,0,1,0,1,0,0,0,0,- ,- ,,,LOS ANGELES,HAWAIIAN GARDENS,-118.0763779,33.82764053
9062829,2019,5/16/2020,1942,12/13/2019,2015,43813,1162,5,5,7,1942,0,0,0,K,0,11A51,MARIPOSA,HOLLYWOOD BL,700,S,N,A,-,N,,,,,,,,,,N,4,0,1,3,A,-,8,22107,,F,B,C,E,A,H,-,C,C,0,Y,,,,Y,,-,- ,0,0,1,0,0,0,0,0,0,- ,- ,,,LOS ANGELES,LOS ANGELES,-118.2994537,34.0998497
9062859,2019,6/10/2020,1942,12/10/2019,650,42930,,2,5,7,1942,0,0,0,,0,13A75,51ST,MAIN ST,0,,-,A,-,N,,,,,,,,,,,4,0,1,3,A,-,9,21801,,N,A,B,-,A,H,-,A,D,0,Y,,,,Y,,A,1,0,0,1,0,0,0,0,0,0,- ,- ,,,LOS ANGELES,LOS ANGELES,-118.2739716,33.99649048
9064331,2019,3/17/2020,1900,12/6/2019,1725,625446,262,5,5,4,1917,0,0,0,,0,26T,WILCOX AV,LIVE OAKS AV,0,,Y,A,-,N,,,,,,,,,,N,4,0,1,2,A,-,0,22100,D,N,G,B,B,B,H,-,A,A,0,Y,,,,Y,,A,1,0,0,1,0,1,0,0,0,0,- ,- ,,,LOS ANGELES,CUDAHY,-118.1782303,33.96696091
9064375,2019,3/18/2020,1942,12/20/2019,1905,41522,408,5,5,7,1942,0,0,0,D,0,4A3,HUNTINGTON DR,CASTALIA AV,0,,Y,A,-,N,,,,,,,,,,N,2,0,1,2,A,-,11,21456,B,N,G,B,B,A,H,-,C,A,0,Y,,,,Y,,A,1,1,0,0,0,1,0,0,0,0,- ,- ,,,LOS ANGELES,LOS ANGELES,-118.1770096,34.08678818
9071562,2019,3/24/2020,1965,8/31/2019,1812,3985,0B1L,6,5,5,1965,0,0,0,,0,B001,OCEAN AV,SANTA MONICA BL,91,S,N,A,-,N,,,,,,,,,,N,3,0,1,2,A,-,17,21235,G,F,G,B,F,A,H,-,A,A,0,Y,,,,Y,,M,94,0,1,0,0,1,0,0,0,0,- ,- ,,,LOS ANGELES,SANTA MONICA,-118.4978638,34.01388931
9072308,2019,7/30/2020,1965,11/16/2019,2113,3985,0B1J,6,5,5,1965,0,0,0,,0,B001,4TH CT,ARIZONA AV,7,S,N,A,-,N,,,,,,,,,,Y,4,0,1,2,A,-,21,22106,,N,G,B,F,A,H,-,C,A,0,Y,,,,Y,,A,7,0,0,1,0,1,0,0,0,0,- ,- ,,,LOS ANGELES,SANTA MONICA,-118.4967575,34.01776505
9074829,2019,5/19/2020,1942,12/16/2019,1140,43781,266,1,5,7,1942,0,0,0,B,0,2A45W2,8TH ST,BURLINGTON AV,0,,Y,A,-,N,,,,,,,,,,N,4,0,1,2,A,-,10,21950,A,N,G,B,B,A,H,-,A,A,0,Y,,,,Y,,A,1,0,0,1,0,1,0,0,0,0,- ,- ,,,LOS ANGELES,LOS ANGELES,-118.2745132,34.05337906
9076038,2019,5/9/2020,1965,10/6/2019,1601,3985,B001,7,5,5,1965,0,0,0,,0,B001,ARIZONA AV,4TH ST,173,W,N,A,-,N,,,,,,,,,,N,3,0,1,2,A,-,11,21954,A,N,G,B,D,A,H,-,A,A,0,Y,,,,Y,,N,60,0,1,0,0,1,0,0,0,0,- ,- ,,,LOS ANGELES,SANTA MONICA,-118.4971695,34.0174408
9076049,2019,5/9/2020,1965,9/24/2019,1029,3693,0B3C,2,5,5,1965,0,0,0,,0,B003,BROADWAY,21ST ST,26,W,N,A,-,N,,,,,,,,,,N,3,0,1,2,A,-,10,21950,A,N,G,B,C,A,H,-,A,A,0,Y,,,,Y,,A,1,0,1,0,0,1,0,0,0,0,- ,- ,,,LOS ANGELES,SANTA MONICA,-118.4773331,34.02828979
9076296,2019,5/9/2020,1965,9/16/2019,1659,3985,0B2C,1,5,5,1965,0,0,0,,0,B002,PICO BL,18TH ST,73,W,N,A,-,N,,,,,,,,,,,3,0,1,2,A,-,11,21954,A,N,G,B,D,A,H,-,A,A,0,Y,,,,Y,,N,60,0,1,0,0,1,0,0,0,0,- ,- ,,,LOS ANGELES,SANTA MONICA,-118.4718552,34.01822281
9076308,2019,5/13/2020,1942,12/16/2019,1500,43884,130,1,5,7,1942,0,0,0,M,0,1500,SAN PEDRO,8TH,20,N,N,A,-,N,,,,,,,,,,,4,0,1,2,A,-,10,21950,A,N,A,B,B,A,H,-,A,D,0,Y,,,,Y,Y,A,1,0,0,1,0,1,0,0,0,0,- ,- ,,,LOS ANGELES,LOS ANGELES,-118.2490463,34.03852463
9076318,2019,5/12/2020,1942,12/23/2019,1800,40865,1363,1,5,7,1942,0,0,0,M,0,13A61,S CENTRAL AV,E 51ST ST,0,,Y,A,-,N,,,,,,,,,,N,4,0,1,2,A,-,11,21954,A,N,A,B,D,B,H,-,C,D,0,Y,,,,Y,Y,N,60,0,0,1,0,1,0,0,0,0,- ,- ,,,LOS ANGELES,LOS ANGELES,-118.2564697,33.99710846
9083572,2019,6/10/2020,1941,10/4/2019,259,10861,,5,5,7,1941,0,0,0,,0,,REDONDO AV,PACIFIC COAST HWY,40,S,N,A,-,N,,,,,,,,,,N,4,0,1,2,A,-,3,22350,,N,G,B,E,A,H,-,C,D,0,Y,,,,Y,Y,A,,0,0,1,0,1,0,0,0,0,- ,- ,,,LOS ANGELES,LONG BEACH,-118.1523819,33.78974915
90903148,2019,1/14/2019,9530,1/7/2019,1900,20375,,1,2,9,1900,0,3,5,,2,2,ROSECRANS AVE (2200 BLOCK),KEENE AVE.,30,W,N,A,-,N,,,,,,,,,,N,3,0,1,2,A,-,10,21950,A,N,G,B,D,A,H,-,C,D,0,Y,,,,Y,,A,8,0,1,0,0,1,0,0,0,0,- ,- ,33.90270996,-118.2557068,LOS ANGELES,UNINCORPORATED,-118.2557907,33.90270615
90905911,2019,1/16/2019,9565,1/5/2019,2215,21706,,6,3,9,1900,0,3,5,,2,3,ANGELES VISTA BLVD S/B,SLAUSON AVE,130,N,N,B,-,N,,,,,,,,,,N,2,0,1,2,A,-,11,21950,B,F,G,B,D,B,H,-,C,A,0,Y,,,,Y,,N,60,1,0,0,0,1,0,0,0,0,- ,- ,33.98936081,-118.3516464,LOS ANGELES,UNINCORPORATED,-118.3517075,33.98921967
90910555,2019,1/24/2019,9530,1/15/2019,1415,21310,,2,2,9,1900,0,3,5,,2,2,WILMINGTON AVE. (11800 BLOCK),119TH ST.,3,N,N,C,-,N,,,,,,,,,,N,4,0,1,2,A,-,10,21950,A,N,G,B,B,B,H,-,A,A,0,Y,,,,Y,,J,41,0,0,1,0,1,0,0,0,0,- ,- ,33.92475128,-118.2389908,LOS ANGELES,UNINCORPORATED,-118.2390213,33.92462921
90914501,2019,1/29/2019,9590,1/19/2019,1120,21606,,6,1,7,1942,0,2,S,,2,901,UNIVERSAL HOLLYWOOD DRIVE,HOTEL DRIVE,200,W,N,A,-,N,,,,,,,,,,N,4,0,1,2,A,-,12,22450,A,N,G,B,B,A,H,-,A,A,0,Y,,,,Y,,A,1,0,0,1,0,1,0,0,0,0,- ,- ,34.13787842,-118.3572998,LOS ANGELES,LOS ANGELES,-118.3571472,34.13787842
90915287,2019,1/30/2019,9565,1/11/2019,1805,21575,,5,2,9,1900,0,2,4,,2,22,NORMANDIE AVENUE,112TH STREET,5,N,N,A,-,N,,,,,,,,,,N,2,0,1,2,A,-,11,21954,A,N,G,B,D,A,H,-,C,D,0,Y,,,,Y,,N,60,1,0,0,0,1,0,0,0,0,- ,- ,33.93297958,-118.3002396,LOS ANGELES,UNINCORPORATED,-118.3003082,33.93281555
90915615,2019,1/30/2019,9535,1/18/2019,550,15506,,5,3,9,1900,0,1,1,,2,650,I-605 N/B (SAN GABRIEL RIVER FREEWAY),W/B SR-60,1800,N,N,A,-,Y,,,605,,,,,,N,N,4,0,1,3,A,-,8,22107,,M,B,E,E,A,H,-,C,D,0,Y,,,Y,Y,Y,D,22,0,0,1,0,1,0,0,0,0,- ,- ,34.0406189,-118.0153732,LOS ANGELES,UNINCORPORATED,-118.0153961,34.04069901
90922406,2019,2/8/2019,9530,2/1/2019,1755,20956,,5,2,9,1900,0,3,5,,2,1,75TH STREET (1500 BLOCK),MIRAMONTE BLVD.,5,W,N,B,-,N,,,,,,,,,,N,4,0,1,2,A,-,10,21950,A,F,G,B,B,A,H,-,B,D,0,Y,,,,Y,,-,99,0,0,1,0,1,0,0,0,0,- ,- ,33.97249985,-118.2455978,LOS ANGELES,UNINCORPORATED,-118.2455368,33.97249985
90933728,2019,2/26/2019,9535,2/8/2019,1340,22142,,5,1,9,1900,0,2,4,,2,25,ATLANTIC BOULEVARD (1000 BLOCK),VERONA ST,130,S,N,A,-,N,,,,,,,,,,N,4,0,1,3,C,-,18,,,M,B,E,E,A,H,-,A,D,0,Y,,,,Y,,-,- ,0,0,1,0,1,0,0,0,0,- ,- ,34.01784897,-118.1581802,LOS ANGELES,UNINCORPORATED,-118.1580505,34.01789474
90938354,2019,3/4/2019,9540,2/24/2019,1950,21124,,7,2,9,1900,0,1,3,,2,146,SR-14 N/B (ANTELOPE VALLEY FREEWAY),STONECREST ROAD,6864,N,N,A,-,Y,,,14,,,,,,N,N,3,0,1,3,A,-,8,22107,,F,G,E,E,A,H,-,D,D,0,Y,,,,Y,,-,99,0,1,0,0,1,0,0,0,0,- ,- ,34.4499588,-118.3538895,LOS ANGELES,UNINCORPORATED,-118.3539276,34.45002365
90941733,2019,3/7/2019,9535,2/25/2019,1400,22161,,1,2,9,1900,0,3,5,,2,1,EASTERN AVE. (700 BLOCK),FLORAL DR,50,N,N,A,-,N,,,,,,,,,,N,3,0,1,2,A,-,9,21804,A,F,G,B,F,A,H,-,A,D,0,Y,,,,Y,,A,8,0,1,0,0,1,0,0,0,0,- ,- ,34.04439926,-118.1737366,LOS ANGELES,UNINCORPORATED,-118.1736221,34.04431534
90945184,2019,3/13/2019,9590,2/10/2019,1857,22041,,7,2,7,1942,0,1,2,,2,72,UNIVERSAL STUDIOS BLVD (1100 BLOCK),W.C. FIELDS DR.,900,N,N,A,-,N,,,,,,,,,,N,4,0,1,2,A,-,11,21954,A,N,G,B,E,A,H,-,C,D,0,Y,,,,Y,,N,60,0,0,1,0,1,0,0,0,0,- ,- ,34.1362114,-118.3512726,LOS ANGELES,LOS ANGELES,-118.3513947,34.13620377
90948539,2019,3/19/2019,9575,3/7/2019,740,16815,,4,1,9,1900,0,3,5,,2,2,CROSBY ST (500 BLOCK),CANYADA AVE,66,W,N,B,-,N,,,,,,,,,,N,4,0,1,2,A,-,11,21954,A,N,G,B,D,A,H,-,A,D,0,Y,,,,Y,,N,60,0,0,1,0,1,0,0,0,0,- ,- ,34.18497086,-118.1622086,LOS ANGELES,UNINCORPORATED,-118.1621552,34.18498611
90948618,2019,3/19/2019,9580,3/11/2019,238,21461,,1,3,7,1942,0,1,1,,2,405,I-405 S/B FROM SHERMAN WAY E/B,SHERMAN WAY,3,S,N,A,-,Y,,,405,,,,R,,S,Y,3,0,1,2,A,-,1,23152,A,N,G,B,B,A,H,-,C,D,0,Y,,,,Y,Y,A,7,0,1,0,0,1,0,0,0,0,- ,- ,34.20101166,-118.4740219,LOS ANGELES,LOS ANGELES,-118.4740219,34.20101166
90953137,2019,3/26/2019,9550,3/14/2019,1825,20531,,4,2,9,1900,0,3,5,,2,5,FIDALGO STREET,ABETO AVENUE,40,E,N,A,-,N,,,,,,,,,,N,2,0,1,2,A,-,11,21954,A,N,G,B,D,A,H,-,A,D,0,Y,,,,Y,,N,60,1,0,0,0,1,0,0,0,0,- ,- ,33.97192001,-117.902977,LOS ANGELES,UNINCORPORATED,-117.9031525,33.97185135
90955947,2019,3/28/2019,9580,3/18/2019,1107,17228,,1,1,7,1942,0,1,3,,2,171,SR-170 S/B (HOLLYWOOD FWY.),VICTORY BOULEVARD,700,N,N,A,-,Y,,,170,,,,,,S,Y,4,0,3,4,A,-,11,21954,A,N,C,C,E,A,H,-,A,D,0,Y,,,,Y,,N,60,0,0,3,0,0,0,0,0,0,- ,- ,34.18730164,-118.40168,LOS ANGELES,LOS ANGELES,-118.40168,34.18730164
90960630,2019,4/10/2019,9565,3/14/2019,1720,22038,,4,2,9,1900,0,2,4,,1,32,SLAUSON AVE,LA TIJERA BLVD,0,,Y,A,-,N,,,,,,,,,,Y,3,0,5,8,A,-,9,21801,A,N,D,C,F,A,H,-,A,A,0,Y,,,,Y,,A,7,0,1,4,0,4,0,0,0,0,- ,- ,33.98759842,-118.3647079,LOS ANGELES,UNINCORPORATED,-118.3647308,33.9874115
90964750,2019,4/10/2019,9530,3/31/2019,2125,22051,,7,2,9,1900,0,3,5,,2,2,119TH STREET (E 2000 BLOCK),WILMINGTON AVE.,450,E,N,A,-,N,,,,,,,,,,N,3,0,1,2,A,-,11,21954,A,N,G,B,D,A,H,-,C,D,0,Y,,,,Y,,N,60,0,1,0,0,1,0,0,0,0,- ,- ,33.92459106,-118.2374802,LOS ANGELES,UNINCORPORATED,-118.2375412,33.92461777
90965243,2019,4/10/2019,9590,2/14/2019,703,15985,,4,1,7,1942,0,2,S,,2,901,6TH AVENUE (4400 S. BLOCK),VERNON AVENUE (2800 W. BLOCK),12,N,N,C,-,N,,,,,,,,,,N,4,0,1,2,A,-,10,21950,A,N,G,B,B,B,H,-,A,A,0,Y,,,,Y,,I,12,0,0,1,0,1,0,0,0,0,- ,- ,34.00379944,-118.3237762,LOS ANGELES,LOS ANGELES,-118.4700012,33.99689865
90965450,2019,4/10/2019,9535,3/25/2019,755,22159,,1,1,9,1900,0,3,5,,2,1,BOSTWICK ST. (3700 BLOCK),EASTMAN AVE.,130,W,N,A,-,N,,,,,,,,,,N,4,0,1,2,A,-,3,22350,,N,G,B,E,A,H,-,A,D,0,Y,,,,Y,,A,1,0,0,1,0,1,0,0,0,0,- ,- ,34.05208969,-118.1849136,LOS ANGELES,UNINCORPORATED,-118.1849365,34.05209732
90967801,2019,4/15/2019,9535,4/2/2019,1252,22254,,2,1,9,1900,0,2,4,,2,24,WHITTIER BLVD,S KERN AVE,0,,Y,A,-,N,,,,,,,,,,N,4,0,1,2,A,-,10,21950,A,N,G,B,B,A,H,-,A,A,0,Y,,,,Y,,D,22,0,0,1,0,1,0,0,0,0,- ,- ,34.02220154,-118.165802,LOS ANGELES,UNINCORPORATED,-118.1657486,34.02219009
90971240,2019,4/19/2019,9565,4/9/2019,1942,18804,,2,2,9,1900,0,2,4,,2,21,VERMONT AVE. S/B,W. 93RD STREET,0,,Y,A,-,N,,,,,,,,,,N,3,0,1,2,A,-,11,21954,A,N,G,B,D,A,H,-,D,D,0,Y,,,,Y,,N,60,0,1,0,0,1,0,0,0,0,- ,- ,33.95188904,-118.2918396,LOS ANGELES,UNINCORPORATED,-118.291893,33.95215988
90973571,2019,4/23/2019,9535,3/15/2019,1440,22161,,5,2,9,1900,0,2,4,,2,16,1ST ST. (3600 BLOCK),ROWAN AVE,150,W,N,A,-,N,,,,,,,,,,N,4,0,1,2,A,-,11,21954,A,N,G,B,E,A,H,-,A,D,0,Y,,,,Y,,N,60,0,0,1,0,1,0,0,0,0,- ,- ,34.03594971,-118.1875687,LOS ANGELES,UNINCORPORATED,-118.1875076,34.03601456
90974581,2019,4/24/2019,9535,4/13/2019,645,22085,,6,1,9,1900,0,2,4,,2,11,EASTERN AVE. (1700 BLOCK),LANSDOWNE AVE,10,E,N,A,-,N,,,,,,,,,,N,3,0,1,2,A,-,10,21950,A,F,G,B,B,A,H,-,A,D,0,Y,,,,Y,,D,22,0,1,0,0,1,0,0,0,0,- ,- ,34.06129837,-118.1759491,LOS ANGELES,UNINCORPORATED,-118.1760483,34.06135941
90978236,2019,4/29/2019,9525,4/21/2019,2005,21224,,7,2,9,1900,0,3,5,,2,4,GENDEL DRIVE,NORTHAM STREET,0,,Y,A,-,N,,,,,,,,,,Y,4,0,1,2,A,-,10,21950,A,N,G,B,D,A,H,-,D,A,0,Y,,,,Y,,A,1,0,0,1,0,1,0,0,0,0,- ,- ,34.00857162,-117.8910217,LOS ANGELES,UNINCORPORATED,-117.891037,34.00846863
90979460,2019,5/1/2019,9530,4/19/2019,1410,21642,,5,2,9,1900,0,3,5,,2,1,92ND ST.,KALMIA ST.,0,,Y,A,-,N,,,,,,,,,,N,2,0,1,2,A,-,10,21950,A,N,G,B,D,A,H,-,A,D,0,Y,,,,Y,,A,7,1,0,0,0,1,0,0,0,0,- ,- ,33.9531517,-118.231781,LOS ANGELES,UNINCORPORATED,-118.2317505,33.95326996
90981039,2019,5/2/2019,9550,4/24/2019,1800,20245,,3,2,9,1900,0,3,5,,2,1,LOCKHEED AVENUE,DORLAND DRIVE,0,,Y,A,-,N,,,,,,,,,,N,4,0,1,2,A,-,10,21950,A,N,G,B,D,A,H,-,A,D,0,Y,,,,Y,,A,1,0,0,1,0,1,0,0,0,0,- ,- ,33.99258041,-118.0674591,LOS ANGELES,UNINCORPORATED,-118.0672989,33.99272919
90981502,2019,5/3/2019,9530,4/13/2019,1650,21642,,6,2,9,1900,0,3,5,,2,2,STANFORD AVE. (14500 BLOCK),SANTA RITA ST.,115,N,N,A,-,N,,,,,,,,,,N,4,0,1,2,A,-,11,21954,A,N,G,B,D,A,H,-,A,D,0,Y,,,,Y,,N,60,0,0,1,0,1,0,0,0,0,- ,- ,33.89920044,-118.2612915,LOS ANGELES,UNINCORPORATED,-118.2613373,33.89914703
90982500,2019,5/6/2019,9545,4/27/2019,2034,21730,,6,2,9,1900,0,3,5,,2,4,40TH ST  E,AVENUE O,100,N,N,A,-,N,,,,,,,,,,N,4,0,1,2,A,-,11,21956,,N,B,B,E,A,H,-,D,D,0,Y,,,,Y,,N,60,0,0,1,0,1,0,0,0,0,- ,- ,34.61688995,-118.0586929,LOS ANGELES,UNINCORPORATED,-118.05867,34.61684036
90984947,2019,5/9/2019,9530,4/29/2019,550,20315,,1,3,9,1900,0,3,5,,2,1,GAGE AVENUE (1600 BLOCK),CONVERSE AVENUE,8,W,N,A,-,N,,,,,,,,,,N,2,0,1,2,A,-,10,21950,A,N,G,B,B,A,H,-,E,D,0,Y,,,,Y,,A,1,1,0,0,0,1,0,0,0,0,- ,- ,33.98210907,-118.2442093,LOS ANGELES,UNINCORPORATED,-118.2441177,33.98202133
90989146,2019,5/15/2019,9535,5/4/2019,1040,22085,,6,1,9,1900,0,3,5,,2,2,PERCY ST,DITMAN AVE.,0,,Y,A,-,N,,,,,,,,,,N,3,0,1,2,A,-,10,21950,A,N,G,B,B,A,H,-,A,D,0,Y,,,,Y,,A,1,0,1,0,0,1,0,0,0,0,- ,- ,34.02532959,-118.1893921,LOS ANGELES,UNINCORPORATED,-118.1892929,34.02529907
90992466,2019,5/21/2019,9550,5/14/2019,1659,21212,,2,2,9,1900,0,3,5,,2,2,CLOSE ST,RUTLAND AVE,60,W,N,A,-,N,,,,,,,,,,N,4,0,1,2,A,-,11,21954,A,N,G,B,D,A,H,-,A,D,0,Y,,,,Y,,N,60,0,0,1,0,1,0,0,0,0,- ,- ,33.94509125,-118.0456619,LOS ANGELES,UNINCORPORATED,-118.0452347,33.94483185
90993683,2019,5/22/2019,9535,5/2/2019,330,22235,,4,3,9,1900,0,3,5,,2,6,FALLING LEAF AVE. (2100 BLOCK),LA MERCED RD.,450,S,N,A,-,N,,,,,,,,,,N,3,0,1,2,A,-,8,22107,,F,G,B,E,A,H,-,D,D,0,Y,,,,Y,,A,7,0,1,0,0,1,0,0,0,0,- ,- ,34.0533905,-118.0937119,LOS ANGELES,UNINCORPORATED,-118.0936432,34.05147934
90998520,2019,5/29/2019,9550,5/18/2019,1324,21954,,6,1,9,1900,0,3,5,,2,4,LARKVANE ROAD,COLIMA ROAD,6,S,N,B,-,N,,,,,,,,,,N,3,0,1,2,A,-,10,21950,A,N,G,B,B,A,H,-,A,A,0,Y,,,,Y,,A,7,0,1,0,0,1,0,0,0,0,- ,- ,33.98849106,-117.909668,LOS ANGELES,UNINCORPORATED,-117.9096985,33.98858261
91006825,2019,6/10/2019,9535,5/23/2019,1535,22254,,4,2,9,1900,0,3,5,,2,2,HUBBARD ST. (6200 BLOCK),BRADY AVE,0,,N,B,-,N,,,,,,,,,,N,3,0,1,2,A,-,11,21954,A,N,G,B,D,A,H,-,A,D,0,Y,,,,Y,,N,60,0,1,0,0,1,0,0,0,0,- ,- ,34.01837921,-118.1363678,LOS ANGELES,UNINCORPORATED,-118.1374283,34.01858139
91012697,2019,6/18/2019,9565,6/4/2019,2220,22251,,2,3,9,1900,0,2,4,,2,23,WESTERN AVE. N/B,104TH ST.,0,,Y,A,-,N,,,,,,,,,,N,3,0,1,2,A,-,11,21456,B,N,G,B,D,A,H,-,C,A,0,Y,,,,Y,,N,60,0,1,0,0,1,0,0,0,0,- ,- ,33.94197083,-118.3089294,LOS ANGELES,UNINCORPORATED,-118.3090286,33.94181824